2.308;0.036
9.967;4.423
9.074;3.660
6.626;0.575
5.122;1.645
6.003;1.421
9.548;4.640
7.603;2.702
1.553;3.496
2.050;2.024
5.447;4.131
7.459;4.540
6.042;0.569
7.127;2.527
4.062;4.353
6.019;3.168
2.415;4.574
5.631;2.765
7.202;2.161
4.328;3.285
8.317;2.006
5.991;4.688
1.973;4.904
1.641;2.317
5.679;2.220
1.857;3.253
0.848;1.628
5.410;2.024
2.613;0.443
2.803;3.968
0.194;0.786
7.089;3.209
7.272;4.834
0.428;0.200
3.650;1.037
8.201;3.616
2.663;2.740
5.730;0.718
2.270;4.041
7.108;3.117
9.496;1.247
9.375;4.811
6.848;4.757
5.488;4.580
3.739;0.792
2.917;3.158
1.518;3.196
6.376;3.372
6.923;4.787
2.105;1.153
9.380;0.621
0.984;1.803
6.239;2.312
3.842;2.684
7.525;1.987
1.777;2.266
3.778;3.284
8.440;3.850
2.198;3.733
9.569;3.879
4.179;0.634
6.661;1.033
9.157;0.943
5.714;3.136
9.105;4.493
4.514;1.348
5.977;2.401
6.855;4.128
1.509;2.885
3.383;1.112
5.672;0.060
1.634;4.882
9.808;4.193
2.537;2.475
7.952;4.337
4.546;4.728
0.005;2.173
8.126;4.056
4.580;4.459
4.449;2.176
8.911;3.785
6.262;4.270
9.460;4.540
8.555;4.488
9.714;0.092
6.192;3.214
4.084;3.673
2.087;2.029
9.633;3.448
2.258;0.386
9.349;0.382
8.320;0.215
4.439;2.529
2.691;0.815
6.677;4.371
3.675;1.295
1.321;4.515
3.312;4.051
3.859;1.547
0.304;0.364
9.831;1.781
5.235;3.884
2.483;4.059
5.372;1.330
2.260;2.034
8.479;3.842
6.661;1.839
5.004;4.074
9.250;2.916
4.100;2.201
6.389;3.462
2.299;0.486
6.510;1.800
5.108;2.526
4.033;1.993
0.200;3.269
6.592;0.765
0.940;2.893
5.529;0.277
7.948;3.161
9.686;0.016
9.370;1.305
0.264;2.995
5.930;3.822
4.027;2.582
8.852;4.014
8.994;2.951
4.338;1.453
1.263;2.132
1.257;4.441
3.010;0.160
8.627;4.137
3.868;0.970
1.092;2.565
2.737;4.608
2.618;4.348
7.884;3.889
4.717;3.179
7.554;4.845
0.708;0.260
7.670;3.732
1.026;4.434
5.134;1.086
7.544;0.345
7.193;4.017
4.523;0.633
9.296;4.533
3.313;4.683
1.404;0.548
8.742;4.162
4.899;0.400
4.907;2.405
2.546;0.078
0.144;0.608
1.185;3.990
5.352;0.787
3.556;0.369
1.212;2.773
9.293;4.879
3.141;0.848
4.396;0.201
7.937;2.351
4.693;0.677
9.400;4.409
4.466;2.675
4.954;3.229
0.947;1.192
5.620;3.435
2.558;3.108
6.322;2.489
2.028;3.164
9.506;4.607
2.682;1.475
7.709;4.279
7.853;3.884
0.074;0.823
7.955;3.523
3.927;2.249
2.864;0.102
0.117;0.597
0.755;0.663
6.750;2.917
3.025;4.447
0.627;0.585
5.117;2.171
2.988;1.538
3.436;4.081
9.667;4.034
0.895;4.362
2.021;0.872
3.644;0.421
0.966;3.349
5.277;1.654
8.503;1.950
8.458;0.561
4.006;1.177
6.100;2.564
4.224;0.351
9.578;1.836
6.188;1.893
2.322;3.269
3.441;1.755
4.780;3.498
8.210;4.896
7.379;2.930
3.602;2.070
8.182;4.186
7.550;4.956
0.359;0.026
0.558;4.859
0.392;3.363
2.713;1.997
0.337;0.317
6.977;4.154
3.939;4.482
8.490;3.612
2.535;4.117
9.422;3.553
7.401;3.728
1.919;4.140
5.098;4.355
6.522;1.299
7.520;4.933
4.171;3.864
7.579;2.156
0.343;4.763
3.113;3.236
3.395;2.798
3.825;4.723
3.173;2.073
0.019;4.951
5.854;4.207
7.370;3.189
1.606;4.974
8.950;0.222
2.512;1.452
8.133;1.139
4.619;0.841
0.204;0.057
6.475;0.236
6.463;4.625
0.729;4.814
8.621;4.482
4.111;3.032
4.839;1.913
3.280;3.977
4.282;3.887
8.261;2.598
2.855;4.054
5.229;0.571
8.260;2.112
8.778;3.567
1.799;3.720
1.393;0.417
1.852;0.856
5.392;1.855
2.972;1.351
7.683;0.385
9.173;3.113
9.794;4.203
2.267;2.771
5.109;2.562
7.164;2.279
8.621;0.180
4.018;4.711
8.827;1.048
4.886;2.666
2.212;1.120
0.472;1.797
7.828;0.591
7.570;1.638
4.211;1.563
8.435;4.785
4.982;0.790
0.090;3.746
6.023;3.314
8.314;3.411
8.875;1.359
9.114;1.827
9.970;3.621
8.818;0.517
6.817;1.215
2.886;1.647
8.824;3.820
0.490;2.722
0.297;2.790
8.399;4.306
0.836;4.495
1.331;0.991
6.688;3.797
9.575;3.521
0.269;3.263
3.400;1.099
3.783;4.032
6.458;4.747
3.125;3.409
3.623;0.293
2.363;3.268
6.459;0.891
0.240;2.570
0.745;3.672
1.090;2.323
7.195;0.222
8.230;4.851
5.986;4.942
1.386;3.566
6.966;1.188
7.667;0.888
0.764;0.145
9.030;0.344
9.512;0.380
1.182;0.498
2.318;1.739
1.956;3.906
6.249;2.150
2.531;4.775
1.742;0.774
6.850;1.116
5.951;2.811
9.331;1.478
3.969;2.041
2.078;3.287
8.108;2.997
9.852;0.624
2.920;0.293
5.772;3.084
2.751;4.777
5.628;4.993
6.162;0.047
2.329;1.858
8.487;0.209
3.452;0.843
7.353;0.918
5.389;2.709
5.526;2.717
5.826;2.571
0.959;3.037
6.718;2.715
8.682;2.304
2.888;3.162
3.627;0.354
4.892;2.831
8.528;3.181
6.799;1.095
5.920;3.432
6.070;2.929
3.293;2.808
4.469;1.776
0.629;0.196
9.221;3.136
0.605;2.217
5.722;3.743
4.761;0.315
5.209;3.338
2.835;0.099
1.303;0.777
7.205;3.003
0.089;3.889
5.525;3.895
3.158;0.495
5.038;1.600
9.498;4.331
9.365;4.984
1.848;2.672
1.605;1.583
4.801;4.145
5.388;3.309
5.719;4.596
4.986;3.703
0.902;3.949
1.154;0.061
9.354;2.861
5.562;2.258
8.652;3.644
5.526;3.345
8.026;1.420
7.235;4.115
1.234;3.702
4.936;3.530
8.121;2.396
8.782;4.933
5.071;4.834
5.398;1.506
6.166;0.294
0.286;0.448
2.793;4.059
6.888;2.630
9.837;2.458
3.846;1.888
3.100;2.424
1.315;2.280
9.818;2.458
5.140;0.981
1.055;3.579
5.384;4.158
4.256;3.963
9.286;3.054
9.115;0.644
5.051;4.843
0.324;1.275
8.350;4.032
7.002;2.315
3.897;4.954
5.951;0.987
8.394;3.159
3.558;0.580
3.961;1.636
3.478;2.111
0.047;0.078
4.528;1.718
1.957;4.504
5.204;0.985
6.640;2.433
8.832;0.389
6.145;4.274
9.864;2.080
3.453;0.275
6.498;1.625
7.558;2.595
1.018;2.616
6.010;4.540
8.764;4.533
4.757;1.548
3.965;3.007
2.631;2.447
1.241;2.448
5.157;3.444
0.592;4.671
2.861;2.516
7.989;4.515
1.076;2.586
5.830;4.923
6.455;4.699
7.707;1.705
6.775;0.113
6.664;2.429
9.138;4.648
7.426;1.438
0.245;3.069
7.214;1.772
0.901;1.409
8.148;0.626
7.307;2.484
9.003;3.283
9.959;3.578
0.390;1.263
7.200;0.994
4.156;0.419
3.251;4.459
2.610;2.680
5.390;0.278
9.239;1.202
8.230;3.192
5.758;2.931
9.461;3.858
9.096;3.361
7.818;2.222
8.130;4.129
7.025;2.290
2.539;0.743
0.394;0.571
3.452;4.809
9.837;2.069
7.658;3.575
5.140;3.294
9.626;0.663
3.528;0.927
8.153;0.173
3.579;2.872
3.021;0.462
9.210;1.571
7.104;1.122
8.060;1.834
4.709;1.378
3.857;2.949
3.813;4.336
6.380;0.562
4.966;2.124
7.103;4.810
2.568;2.046
8.726;4.303
0.722;1.436
8.089;3.885
3.194;2.982
6.292;3.892
4.679;0.641
1.558;0.808
2.277;3.626
4.038;0.604
1.559;3.085
9.428;2.451
3.293;4.621
2.776;0.477
4.947;1.202
6.888;1.952
3.243;1.979
3.176;4.465
2.198;0.302
2.420;2.116
4.154;0.145
0.474;4.373
6.464;3.037
1.219;1.265
7.114;2.382
8.847;3.857
0.211;2.948
8.062;3.199
4.664;1.912
5.314;0.740
0.096;3.567
2.822;0.395
9.076;1.193
4.540;0.360
8.106;1.314
9.417;0.837
4.833;4.903
7.054;0.634
5.695;0.341
8.438;3.610
8.022;0.123
3.840;0.091
3.558;4.587
3.694;3.674
5.897;3.389
4.265;4.187
5.290;0.470
4.135;3.510
7.468;4.842
9.670;2.039
1.534;0.249
4.425;2.243
5.347;3.587
2.881;0.202
8.841;3.396
0.703;1.991
5.385;4.047
3.458;4.925
3.295;1.320
7.231;4.950
8.692;3.596
4.824;0.664
8.364;0.522
6.384;1.946
5.672;0.018
3.801;3.005
1.013;2.180
5.685;3.762
5.821;4.677
4.836;3.192
6.294;1.645
8.507;4.552
6.074;0.142
2.989;3.598
7.482;2.142
3.724;2.414
2.454;4.884
5.385;2.170
5.674;1.548
6.122;2.152
0.790;4.494
4.732;4.403
2.992;2.347
2.968;0.512
2.409;2.967
4.030;1.970
7.804;0.423
3.607;2.701
8.686;2.860
5.255;4.040
8.054;4.594
6.411;0.694
6.311;4.486
3.556;0.622
8.976;0.672
1.850;1.363
3.233;0.266
5.595;3.653
8.558;4.851
6.112;0.690
7.315;0.982
4.786;0.774
0.255;4.892
7.024;0.804
6.162;4.991
5.655;4.977
7.840;4.021
6.250;0.801
2.577;1.672
2.495;2.010
1.137;0.862
2.048;0.532
4.084;0.652
0.707;3.636
5.252;3.150
6.844;4.492
9.609;1.937
0.765;3.045
4.402;2.432
1.133;3.263
1.948;0.974
5.082;4.497
5.689;0.948
4.885;2.596
4.282;1.997
4.730;2.607
7.207;1.046
0.244;2.796
9.916;1.861
7.464;4.475
9.078;4.876
6.356;4.931
3.139;3.335
0.345;1.983
7.277;0.080
7.200;3.857
2.211;2.984
2.072;4.594
6.642;1.528
5.375;1.094
6.419;2.758
2.990;0.629
1.570;0.815
1.778;3.758
3.630;2.587
6.173;0.340
7.399;1.091
7.448;1.098
5.593;2.610
5.854;4.509
1.550;0.459
7.914;2.061
6.794;3.508
3.003;0.619
0.020;0.528
8.949;3.431
8.347;2.638
2.532;1.781
6.762;2.549
8.291;0.755
4.893;1.414
0.336;1.051
3.987;3.260
0.314;0.014
8.521;4.938
3.595;0.711
7.201;3.178
0.638;2.750
7.601;4.434
4.465;2.277
8.627;0.270
7.497;1.287
6.225;4.656
2.333;1.061
9.651;1.943
5.434;0.248
6.929;2.172
4.126;4.361
0.583;2.906
0.136;0.137
6.702;1.487
2.717;0.072
7.461;3.764
9.660;0.995
4.638;3.516
5.961;3.947
0.632;1.869
2.883;2.177
5.332;3.881
5.878;2.337
4.187;4.096
0.378;2.318
4.441;1.550
4.493;1.429
2.231;0.958
4.917;0.895
8.732;2.095
7.852;2.826
7.822;3.676
5.114;4.349
9.652;0.171
7.484;1.310
7.924;3.770
9.863;1.596
1.461;4.886
3.390;1.411
9.933;2.730
6.087;4.255
2.597;4.041
5.704;2.181
3.034;3.401
9.760;1.361
2.114;2.086
9.162;3.221
5.885;3.615
6.531;3.990
2.647;3.590
5.023;1.923
0.707;3.879
6.712;3.451
3.236;0.651
1.396;1.229
8.526;1.048
1.856;1.636
8.104;4.671
3.056;4.870
1.648;0.376
5.664;1.425
0.582;2.381
0.505;1.876
8.378;1.711
7.306;2.115
3.241;2.705
0.175;1.377
0.438;1.121
7.803;2.419
1.370;4.401
1.126;0.866
5.407;3.651
4.197;0.010
2.315;2.945
8.338;3.272
4.175;3.395
6.331;0.947
1.516;1.087
3.264;2.973
7.253;1.480
8.524;4.907
3.996;3.583
9.217;1.558
1.920;4.552
2.833;2.931
1.539;4.109
8.370;1.423
9.627;1.966
7.442;1.640
0.565;0.243
1.437;1.244
5.084;0.381
0.055;3.225
9.079;4.141
1.237;4.132
8.978;0.929
7.585;4.205
0.279;0.656
7.736;4.121
8.085;0.541
8.099;1.606
3.057;1.238
5.004;2.979
8.420;1.743
2.267;3.792
4.732;4.992
5.380;3.384
1.522;3.018
4.730;1.616
7.110;1.384
4.036;1.819
7.866;2.285
6.884;4.841
0.632;4.980
2.568;4.158
6.195;4.600
5.195;4.742
2.386;4.113
9.430;1.304
5.758;2.049
8.030;2.797
6.014;1.826
3.532;4.497
6.477;0.409
6.889;2.121
6.581;2.252
1.131;2.659
7.045;2.230
5.345;4.244
5.592;2.662
5.326;4.231
0.918;1.976
1.389;2.766
4.789;2.949
4.381;1.648
6.607;1.061
7.474;1.507
4.737;4.221
7.625;2.107
1.037;3.945
3.204;4.907
3.070;4.163
1.734;0.846
8.070;4.939
2.438;3.963
2.880;0.471
7.016;0.218
8.771;4.784
4.676;1.031
2.263;4.001
4.205;0.290
6.436;1.796
7.635;2.229
7.029;4.059
0.580;4.301
6.836;0.566
7.451;3.851
2.120;2.756
5.391;1.296
2.217;4.849
7.462;2.456
3.459;3.228
0.416;2.833
5.106;3.520
4.242;2.584
3.766;2.781
1.951;1.518
3.684;1.312
3.378;4.739
0.690;3.638
4.663;4.976
9.297;1.918
1.090;0.874
3.490;4.657
8.315;1.630
4.178;1.042
9.846;1.283
0.540;4.647
7.121;4.990
3.177;0.985
9.353;4.995
3.876;2.706
4.836;0.637
9.180;2.208
4.019;4.748
2.133;2.957
1.902;2.471
5.034;3.755
5.615;4.812
5.366;4.334
2.175;2.897
8.724;0.491
0.991;0.841
5.716;4.693
2.496;2.195
5.502;1.699
6.300;4.360
7.923;2.336
6.075;1.942
8.999;4.908
2.569;4.537
5.294;4.409
1.126;4.132
0.182;2.452
7.531;1.515
3.679;3.749
4.614;2.255
9.795;1.780
1.266;1.447
4.421;1.577
5.558;4.897
1.920;4.814
3.994;4.368
9.614;1.591
7.018;0.181
1.435;0.865
0.625;2.775
6.098;1.550
0.499;4.953
9.856;1.364
1.500;0.405
1.854;4.733
0.711;4.002
8.784;0.895
8.925;2.182
3.407;1.591
9.464;2.922
4.257;1.387
7.154;2.833
4.825;1.195
8.650;3.500
7.887;3.585
1.595;0.974
6.872;4.532
8.412;3.347
3.060;0.680
3.038;0.847
1.654;2.374
7.941;1.227
8.918;2.995
9.952;3.912
4.256;1.327
6.955;4.127
2.266;2.390
1.293;1.662
5.946;2.417
5.080;3.732
4.077;2.250
2.924;2.342
7.870;4.381
1.132;4.860
3.378;1.115
1.303;1.023
0.143;3.885
4.190;4.755
4.833;2.350
6.748;4.418
2.439;0.413
2.744;2.616
0.215;1.671
9.683;1.046
7.771;2.544
0.749;4.113
6.281;2.787
7.617;3.578
1.824;1.628
4.584;0.078
4.857;0.116
4.445;1.013
1.351;2.454
8.110;2.248
0.590;0.892
8.490;0.623
8.086;3.122
5.026;1.625
1.755;3.846
4.469;2.264
9.079;4.520
1.949;4.145
1.482;1.538
5.765;2.285
0.153;3.517
7.686;0.788
0.115;3.296
3.978;1.104
6.382;0.359
3.882;2.653
5.232;2.594
1.501;2.994
6.598;4.751
0.141;0.018
0.548;2.184
5.401;2.066
8.788;0.028
1.076;2.908
8.283;3.077
0.544;4.137
9.144;1.770
4.342;1.778
4.097;3.457
1.131;0.747
2.267;1.409
6.868;0.518
3.810;4.581
9.296;1.946
7.539;2.981
1.692;0.990
2.936;2.865
4.022;2.893
1.634;1.777
2.788;0.029
5.517;4.081
3.924;0.114
0.174;2.804
6.163;0.846
0.845;3.973
1.890;4.842
8.371;4.324
7.769;3.865
7.499;2.182
0.322;4.813
0.760;3.592
8.277;1.160
4.462;4.283
5.338;1.707
9.519;4.278
1.922;0.271
4.126;0.536
5.977;2.052
8.894;3.320
0.862;4.101
3.000;3.802
3.047;4.797
4.071;1.004
3.608;2.145
7.960;3.146
8.287;3.635
3.232;1.581
9.298;4.167
9.885;0.802
5.765;0.804
0.270;1.374
2.172;1.144
6.024;0.674
5.558;3.650
2.670;1.832
8.835;0.429
3.503;1.060
6.627;1.578
4.136;4.342
8.249;1.227
4.958;0.524
5.454;1.613
0.270;2.326
2.443;4.964
9.719;2.116
8.870;2.872
6.545;4.340
5.116;2.683
5.953;3.410
9.321;2.229
7.473;4.451
1.726;3.673
2.198;4.440
5.425;2.328
7.336;4.091
5.990;3.628
7.020;4.387
4.109;2.748
5.968;3.080
2.544;4.079
5.600;2.746
7.092;4.498
4.361;2.679
8.151;4.116
5.941;2.743
2.124;3.808
1.809;4.008
5.645;2.898
2.014;4.040
1.055;3.190
5.390;2.725
2.733;4.901
2.913;4.135
0.434;2.872
6.984;4.228
7.158;3.992
0.656;3.101
3.717;3.918
8.041;3.913
2.780;4.431
5.693;3.248
2.407;4.150
7.003;4.258
9.272;2.944
9.156;2.331
6.756;3.732
5.463;2.266
3.802;3.856
3.021;4.234
1.692;3.692
6.307;3.483
6.826;3.791
2.250;4.649
9.161;3.164
1.185;3.311
6.177;3.523
3.900;3.348
7.399;4.602
1.938;4.161
3.839;3.308
8.268;3.610
2.338;4.182
9.340;2.367
4.220;3.359
6.578;4.287
8.949;3.322
5.678;2.749
8.900;2.670
4.538;2.911
5.928;3.183
6.762;3.863
1.684;3.743
3.464;4.222
5.638;3.323
1.803;3.488
9.567;2.191
2.660;4.504
7.804;3.976
4.569;2.213
0.255;2.565
7.970;3.895
4.601;2.244
4.476;2.795
8.716;3.042
6.199;3.161
9.237;2.313
8.377;3.346
9.478;3.045
6.132;3.284
4.129;2.858
2.233;4.462
9.402;2.415
2.395;4.877
9.131;3.240
8.154;4.471
4.467;2.732
2.806;4.808
6.593;3.637
3.741;3.835
1.505;3.186
3.396;3.713
3.916;3.554
0.539;2.999
9.589;2.666
5.224;2.267
2.609;4.188
5.353;2.841
2.397;4.548
8.305;3.566
6.578;4.126
5.004;2.185
9.037;2.829
4.145;3.134
6.320;3.482
2.434;4.871
6.435;3.961
5.102;2.504
4.082;3.253
0.440;2.377
6.513;4.264
1.143;3.042
5.502;3.158
7.800;4.214
9.451;3.074
9.152;3.036
0.500;2.455
5.884;2.845
4.076;3.142
8.659;3.070
8.795;3.108
4.371;3.036
1.450;3.590
1.444;3.121
3.109;4.770
8.445;3.327
3.924;3.659
1.287;3.289
2.850;4.034
2.737;4.119
7.740;4.108
4.731;2.427
7.426;4.029
0.923;3.318
7.537;4.231
1.225;2.835
5.127;2.797
7.417;4.929
7.083;4.123
4.547;3.048
9.081;2.460
3.397;3.586
1.584;4.083
8.555;3.178
4.904;2.928
4.911;2.526
2.669;4.983
0.387;2.895
1.376;3.120
5.335;2.939
3.628;4.168
1.402;3.398
9.078;2.394
3.234;4.523
4.426;3.234
7.790;4.383
4.709;2.938
9.180;2.389
4.492;2.682
4.956;2.356
1.150;3.390
5.589;2.602
2.680;4.376
6.256;3.592
2.177;4.197
9.280;2.265
2.797;4.679
7.574;4.110
7.710;4.127
0.320;2.840
7.807;4.136
3.981;3.329
2.971;4.877
0.361;2.891
0.967;3.284
6.663;4.005
3.124;3.901
0.846;3.178
5.111;2.577
3.088;4.510
3.515;3.568
9.434;2.279
1.101;2.697
2.170;4.650
3.712;4.049
1.168;2.981
5.263;2.729
8.328;3.916
8.285;4.247
4.056;3.449
6.045;3.299
4.263;3.369
9.349;2.770
6.129;3.544
2.456;4.321
3.519;4.027
4.791;2.338
8.049;3.649
7.260;4.403
3.672;3.770
8.023;3.817
7.422;4.007
0.592;3.095
0.780;2.264
0.622;2.446
2.828;4.565
0.570;3.025
6.879;3.961
3.992;2.869
8.315;3.599
2.658;4.176
9.201;2.542
7.281;4.247
2.073;3.917
5.093;2.137
6.446;4.075
7.394;4.013
4.213;2.722
7.450;4.564
0.576;2.139
3.207;4.071
3.475;3.872
3.884;2.961
3.265;4.248
0.268;2.010
5.812;2.682
7.251;4.349
1.775;3.437
8.752;3.707
2.636;4.710
7.976;4.472
4.638;2.944
0.444;3.021
6.401;4.231
6.390;3.339
0.942;2.428
8.440;3.265
4.156;2.955
4.847;2.638
3.366;3.762
4.318;2.603
8.098;4.057
2.962;4.091
5.217;2.927
8.097;4.156
8.589;3.252
1.959;3.893
1.574;4.096
2.010;4.515
5.372;2.748
3.073;4.559
7.549;4.897
8.965;2.870
9.554;2.193
2.404;4.403
5.103;2.497
7.056;4.457
8.440;4.125
4.067;2.728
8.636;3.694
4.892;2.477
2.351;4.711
0.699;2.812
7.687;4.798
7.441;4.669
4.251;3.140
8.263;3.429
4.983;2.842
0.336;2.257
5.972;3.056
8.148;3.839
8.681;3.572
8.908;3.193
9.722;2.277
8.627;3.811
6.726;4.411
2.992;4.555
8.633;3.143
0.716;2.640
0.532;2.511
8.229;3.566
1.045;2.604
1.514;3.903
6.604;3.764
9.346;2.435
0.506;2.404
3.480;4.206
3.844;3.152
6.385;3.309
3.219;4.025
3.692;4.100
2.495;4.332
6.386;4.082
0.478;2.531
0.958;2.673
1.285;3.335
7.085;4.883
8.068;3.638
5.937;2.686
1.567;3.457
6.868;4.546
7.533;4.800
0.976;3.398
8.829;3.586
9.286;3.106
1.372;3.814
2.452;4.626
2.108;3.994
6.187;3.569
2.655;4.044
1.905;4.425
6.757;4.461
5.904;3.071
9.115;3.037
4.021;3.320
2.224;4.205
7.952;4.123
9.609;2.892
3.024;4.805
5.733;2.818
2.863;3.995
5.597;2.297
6.104;3.880
2.463;4.605
8.313;4.283
3.530;4.197
7.235;4.799
5.370;2.576
5.500;2.667
5.784;2.977
1.161;3.035
6.632;4.012
8.498;3.624
2.994;4.251
3.695;4.084
4.898;2.443
8.352;3.639
6.709;4.418
5.874;2.910
6.017;3.190
3.379;3.981
4.495;2.859
0.848;3.257
9.009;2.815
0.824;2.832
5.686;2.635
4.773;2.982
5.199;2.367
2.943;4.893
1.488;3.911
7.095;4.332
0.335;2.228
5.499;2.431
3.250;4.578
5.036;2.681
9.273;2.326
9.146;2.305
2.006;4.149
1.775;4.115
4.811;2.202
5.368;2.455
5.683;2.462
4.987;2.259
1.107;2.787
1.346;3.867
9.136;2.740
5.534;2.787
8.470;3.393
5.500;2.542
7.875;4.505
7.123;4.122
1.422;3.239
4.939;2.297
7.965;4.232
8.593;2.973
5.068;2.037
5.378;2.821
6.108;3.836
0.522;2.974
2.903;4.121
6.794;4.192
9.595;2.529
3.904;3.502
3.195;4.244
1.500;3.626
9.577;2.534
5.133;2.819
1.253;3.042
5.365;2.283
4.294;2.613
9.072;2.765
8.910;3.428
5.049;2.034
0.558;2.827
8.183;3.675
6.902;4.348
3.953;2.825
5.904;3.436
8.224;3.801
3.630;4.123
4.013;3.411
3.554;3.914
0.295;2.986
4.552;2.827
2.109;3.875
5.194;2.836
6.558;3.985
8.640;3.819
6.087;3.013
9.620;2.599
3.530;4.310
6.423;3.981
7.430;4.478
1.217;3.189
5.959;2.795
8.576;3.076
4.769;2.737
4.017;3.131
2.750;4.497
1.429;3.500
5.150;2.331
0.812;2.330
2.968;4.396
7.839;3.914
1.272;3.266
5.789;2.512
6.382;3.315
7.571;4.625
6.686;4.590
6.581;4.011
8.931;2.602
7.305;4.708
0.483;2.433
7.103;4.582
1.106;3.294
7.990;4.562
7.191;4.474
8.803;3.031
9.711;2.286
0.620;2.865
7.090;4.731
4.198;3.428
3.338;3.695
2.730;4.454
5.371;3.062
9.027;3.183
8.068;3.970
5.720;2.834
9.238;2.449
8.892;2.906
7.677;4.477
7.973;3.877
6.924;4.369
2.662;4.850
0.624;3.006
3.529;3.404
9.595;2.607
7.525;4.265
5.133;2.356
9.395;2.976
3.602;4.090
7.996;4.647
3.650;3.639
3.120;4.701
9.000;3.139
6.999;4.654
7.907;4.396
4.724;2.791
3.915;3.276
3.872;3.054
6.311;4.050
4.967;2.576
6.998;3.916
2.689;4.587
8.539;3.170
0.936;3.097
7.935;3.961
3.284;4.047
6.227;3.274
4.695;2.952
1.730;4.215
2.413;4.236
4.086;3.525
1.731;3.762
9.207;2.757
3.379;3.619
2.888;4.845
4.950;2.762
6.794;4.328
3.331;4.199
3.267;3.768
2.338;4.868
2.549;4.572
4.196;3.485
0.700;2.298
6.391;3.658
1.408;3.708
7.008;4.408
8.654;3.107
0.450;2.445
7.909;4.121
4.681;2.705
5.298;2.929
0.341;2.294
2.931;4.840
8.872;3.363
4.563;3.090
7.951;4.461
9.197;3.089
4.841;2.041
6.952;4.720
5.660;3.290
8.266;3.660
7.871;4.768
3.898;3.868
3.630;3.321
3.760;3.335
5.852;2.893
4.302;2.560
5.275;2.972
4.178;2.833
7.345;4.031
9.436;2.677
1.707;4.299
4.453;2.802
5.330;2.376
2.987;4.847
8.649;3.207
0.918;2.968
5.366;2.305
3.535;3.374
3.380;4.278
7.120;3.953
8.508;3.353
4.833;2.891
8.195;4.362
6.314;3.778
5.638;3.332
3.861;3.335
1.212;3.271
5.651;2.596
5.780;2.551
4.844;2.383
6.229;3.726
8.332;3.390
6.020;3.752
3.090;4.098
7.358;4.571
3.788;3.549
2.581;4.021
5.366;2.681
5.641;3.028
6.066;3.409
1.000;2.555
4.745;2.176
3.093;4.345
3.070;4.729
2.538;4.400
4.078;3.262
7.664;4.843
3.676;3.639
8.502;3.509
5.242;2.243
7.902;3.848
6.341;4.062
6.245;3.179
3.628;4.117
8.777;3.585
2.007;4.412
3.321;4.552
5.565;2.536
8.380;3.268
6.056;3.689
7.199;4.777
4.797;2.881
0.492;2.072
6.923;4.666
6.104;2.892
5.622;2.325
7.698;4.106
6.187;3.839
2.698;4.661
2.620;4.598
1.330;3.686
2.196;4.737
4.130;3.462
0.921;2.642
5.239;2.420
6.751;3.780
9.378;2.731
0.977;2.819
4.432;2.783
1.326;3.201
2.101;4.574
5.078;2.106
5.655;3.163
4.891;2.491
4.318;2.981
4.743;2.536
7.096;4.724
0.482;2.487
9.671;2.633
7.341;4.104
8.874;2.624
6.288;3.146
3.232;4.027
0.578;2.696
7.163;4.945
7.090;4.158
2.351;4.338
2.218;3.940
6.560;4.167
5.356;2.890
6.348;3.659
3.091;4.690
1.742;4.229
1.939;3.864
3.699;3.632
6.115;3.836
7.279;4.774
7.325;4.778
5.563;2.743
5.811;2.621
1.723;4.277
7.769;4.455
6.704;3.930
3.103;4.683
0.269;2.895
8.752;3.066
8.180;3.957
2.655;4.643
6.674;4.090
8.127;4.394
4.898;2.726
0.569;2.877
4.037;3.055
0.549;3.074
8.345;3.297
3.665;4.051
7.091;4.295
0.856;2.754
7.471;4.105
4.491;2.762
8.445;4.100
7.372;4.743
6.164;3.037
2.466;4.766
9.418;2.706
5.412;3.096
6.832;4.319
4.169;2.673
0.804;2.675
0.379;2.987
6.617;4.240
2.831;4.948
7.338;4.246
9.427;2.891
4.656;2.398
5.913;2.856
0.851;2.926
2.989;4.451
5.315;2.310
5.834;3.082
4.228;2.659
0.609;2.647
4.469;2.927
4.519;2.910
2.369;4.752
4.921;2.826
8.546;3.603
7.710;4.338
7.681;4.184
5.108;2.140
9.419;3.060
7.360;4.738
7.778;4.107
9.620;2.696
1.638;3.285
3.471;4.155
9.687;2.457
6.033;2.945
2.717;4.184
5.668;2.930
3.132;4.103
9.522;2.773
2.259;4.468
8.954;2.861
5.841;2.834
6.455;3.548
2.765;4.265
5.022;2.616
0.922;2.594
6.626;3.858
3.324;4.472
1.576;3.937
8.349;4.069
2.014;4.363
7.949;3.791
3.153;3.792
1.816;4.405
5.631;3.043
0.803;2.779
0.730;2.819
8.209;4.109
7.191;4.547
3.329;4.056
0.416;2.749
0.666;2.923
7.663;4.444
1.552;3.270
1.319;3.671
5.387;2.398
4.237;3.465
2.449;4.384
8.171;3.841
4.216;2.812
6.265;3.913
1.691;4.111
3.350;3.979
7.141;4.656
8.347;3.299
4.046;2.980
9.006;3.134
2.074;3.836
2.942;4.327
1.712;3.533
8.202;4.175
9.396;2.715
7.320;4.669
0.787;3.193
1.616;3.985
5.080;2.929
0.302;2.357
8.875;2.770
1.425;3.157
8.779;3.531
7.456;4.153
0.515;2.930
7.599;4.132
7.930;4.634
7.944;4.408
3.154;4.517
5.004;2.404
8.249;4.054
2.404;4.199
4.745;2.058
5.361;2.435
1.696;3.731
4.744;2.734
7.005;4.606
4.085;3.284
7.723;4.439
6.790;3.747
0.850;2.303
2.689;4.165
6.136;3.011
5.185;2.082
2.517;4.167
9.208;2.985
5.721;3.011
7.878;4.227
5.963;3.343
3.606;3.371
6.403;4.200
6.795;4.295
6.502;3.954
1.325;3.319
6.943;4.395
5.328;2.244
5.562;2.732
5.310;2.237
1.122;3.199
1.570;3.621
4.799;2.445
4.412;2.958
6.527;4.221
7.351;4.698
4.750;2.210
7.493;4.566
1.235;2.946
3.293;3.652
3.167;3.922
1.898;4.403
7.916;3.767
2.566;4.204
2.986;4.794
6.915;4.777
8.583;3.016
4.692;2.875
2.400;4.156
4.245;3.400
6.364;3.873
7.503;4.540
6.928;4.018
0.801;2.394
6.744;4.558
7.329;4.228
2.264;4.337
5.371;2.859
2.356;3.968
7.338;4.508
3.536;3.712
0.645;2.567
5.101;2.305
4.280;2.904
3.828;3.423
2.104;4.468
3.750;3.821
3.459;3.503
0.906;2.626
4.680;2.093
9.082;2.982
1.285;3.625
3.566;3.389
8.150;4.194
4.219;3.280
9.604;2.762
0.763;2.292
7.015;3.891
3.268;4.462
9.135;2.314
3.932;3.301
4.845;2.894
8.971;3.044
4.068;2.719
2.277;4.304
2.057;4.236
5.033;2.250
5.584;2.322
5.348;2.237
2.316;4.338
8.538;3.935
1.191;3.512
5.680;2.439
2.621;4.561
5.477;2.853
6.235;3.191
7.777;4.395
6.022;3.394
8.799;2.711
2.691;4.089
5.279;2.186
1.320;3.019
0.423;2.536
7.405;4.696
3.745;3.340
4.634;2.664
9.555;2.677
1.453;3.731
4.450;2.938
5.530;2.257
2.074;3.783
4.044;2.824
9.383;2.797
6.917;4.786
1.613;4.057
0.844;2.738
6.043;3.500
0.724;2.200
9.613;2.744
1.675;4.228
2.011;3.741
0.926;2.573
8.594;3.779
8.729;3.345
3.486;4.100
9.241;2.634
4.295;3.127
7.047;4.341
4.833;2.785
8.468;3.425
7.742;4.167
1.766;4.226
6.779;3.798
8.241;3.743
3.157;4.626
3.136;4.610
1.822;4.012
7.794;4.605
8.722;3.192
9.704;2.219
4.293;3.140
6.857;3.949
2.403;4.479
1.478;3.722
5.899;3.144
5.076;2.259
4.123;3.151
3.028;4.393
7.727;4.017
1.326;2.881
3.459;4.227
1.488;3.863
0.386;2.239
4.231;2.524
4.842;2.552
6.660;3.702
2.567;4.914
2.857;4.430
0.454;2.702
9.449;2.869
7.632;4.434
0.961;2.588
6.217;3.481
7.486;4.274
1.982;4.334
4.605;3.118
4.864;2.993
4.473;3.031
1.533;3.636
7.955;4.271
0.811;3.085
8.316;4.196
7.932;4.116
5.025;2.676
1.917;3.823
4.495;2.762
8.875;2.694
2.102;3.941
1.657;3.979
5.727;2.971
0.396;2.315
7.552;4.815
0.359;2.351
4.030;3.496
6.313;4.093
3.937;3.305
5.220;2.523
1.676;3.712
6.518;3.473
0.384;3.012
0.770;2.791
5.381;2.711
8.599;3.946
1.272;3.201
8.118;3.939
0.767;2.398
8.936;3.171
4.375;2.967
4.142;2.886
1.325;3.702
2.403;4.675
6.774;4.597
3.869;3.009
9.081;2.977
7.412;4.403
1.858;4.330
3.039;4.281
4.071;3.086
1.802;4.109
2.899;4.929
5.491;2.387
3.978;3.760
0.416;2.463
6.105;3.721
1.053;2.718
2.046;3.752
8.203;3.593
7.631;4.170
7.374;4.564
0.556;2.118
0.972;2.704
8.114;4.327
4.489;2.363
5.321;2.747
9.293;2.322
2.076;4.693
4.170;3.438
5.928;3.253
8.699;3.156
1.069;2.711
3.100;4.049
3.145;3.813
4.118;3.406
3.677;3.749
7.812;4.208
8.122;3.823
3.321;4.289
9.083;2.531
9.640;2.850
5.727;3.267
0.506;2.782
2.314;4.688
5.973;3.585
5.530;2.506
2.787;4.611
8.643;3.808
3.578;4.094
6.545;4.140
4.179;2.665
8.087;4.343
4.960;2.897
5.431;2.836
0.506;2.592
7.195;4.875
1.935;3.847
4.259;2.714
1.082;2.621
7.786;4.831
5.411;3.068
3.641;3.953
6.378;3.619
1.788;4.018
7.335;4.256
3.828;3.868
6.459;3.737
4.237;3.348
3.437;4.146
6.569;3.561
7.180;4.072
2.168;4.685
4.086;3.187
5.499;2.707
9.222;3.079
9.734;2.575
4.228;2.840
7.587;4.623
5.109;2.458
5.953;2.830
9.208;3.130
5.730;3.147
1.091;2.938
4.457;2.684
3.525;4.070
3.989;3.012
2.722;4.121
3.058;4.192
8.553;3.792
8.502;3.895
0.994;2.787
4.858;2.426
7.322;4.046
6.829;4.735
8.249;4.321
6.032;3.012
7.193;4.171
9.552;2.421
3.269;3.741
0.711;2.397
0.407;2.032
1.751;3.760
7.478;4.749
1.816;3.932
3.499;4.280
4.655;2.811
6.748;4.261
7.723;4.612
6.242;3.086
5.378;2.986
9.059;2.963
7.101;4.672
6.837;4.147
0.492;2.591
8.724;3.106
3.393;3.570
1.877;4.464
1.857;4.437
5.012;2.158
8.140;4.028
7.726;4.749
6.653;3.859
6.123;3.598
1.190;3.362
0.379;2.319
9.588;2.691
3.839;3.053
8.389;3.637
2.799;4.078
9.267;3.047
2.306;4.208
6.477;3.714
7.782;4.351
1.394;3.343
2.583;4.301
7.684;4.130
1.723;4.331
3.575;3.527
7.403;4.996
6.373;3.867
5.112;2.302
4.491;3.022
6.890;3.803
5.747;3.190
2.414;4.382
8.046;4.026
8.738;3.090
2.967;4.818
4.900;2.995
9.042;3.297
2.117;4.283
0.922;3.053
8.922;3.347
1.934;4.271
5.587;3.212
8.199;4.197
2.631;4.427
6.315;3.660
2.705;4.536
9.380;2.323
9.072;2.515
3.780;3.377
8.583;3.797
8.750;3.280
7.389;4.732
3.031;4.120
0.985;2.903
1.959;4.624
6.317;4.040
2.946;4.407
8.052;4.387
6.879;4.639
7.306;4.441
3.626;3.924
0.648;2.357
8.075;4.570
0.753;3.082
1.981;4.323
1.465;3.632
4.418;2.546
3.101;4.105
5.844;3.268
7.677;4.823
2.037;3.995
3.982;3.151
8.501;3.953
1.913;4.131
9.494;2.367
1.800;4.243
9.022;3.107
8.051;4.052
4.362;2.363
4.470;2.974
6.768;3.748
3.588;3.448
8.651;3.649
6.822;4.197
2.188;4.719
6.419;3.898
3.779;3.400
3.738;3.461
9.065;2.968
8.897;2.876
8.378;3.645
1.753;3.913
1.889;3.653
4.822;2.911
8.945;2.790
2.813;4.353
8.323;3.792
4.161;3.313
3.724;3.568
7.297;4.360
4.392;2.678
2.653;4.145
0.640;2.371
8.295;4.068
9.321;2.974
6.388;4.245
0.843;2.544
4.112;3.524
7.736;4.029
6.631;3.579
7.401;4.424
6.256;3.613
8.315;4.289
5.514;2.371
2.466;4.853
2.840;4.581
6.652;4.301
2.718;4.764
3.509;4.087
4.533;2.772
0.846;3.092
1.788;3.715
1.010;3.212
5.510;3.118
1.326;3.531
4.562;2.657
8.581;3.209
8.628;3.053
9.706;2.227
0.301;2.994
2.199;3.850
0.679;2.327
8.898;3.304
3.510;3.603
4.891;2.832
7.346;4.515
4.132;3.331
8.913;3.003
4.175;2.639
4.029;3.121
4.805;2.580
7.265;4.078
6.628;3.783
5.022;2.094
3.991;3.367
2.460;4.408
3.085;4.377
2.228;4.797
1.749;4.068
8.060;3.804
8.891;2.813
6.073;2.914
5.709;2.439
1.176;3.043
8.375;3.914
4.505;3.112
3.834;3.562
5.270;2.310
2.689;4.863
1.754;4.263
7.513;4.547
3.984;3.686
9.236;3.043
2.014;3.725
0.727;2.348
3.974;3.707
0.988;2.856
6.774;3.987
8.228;3.625
3.451;3.758
6.605;3.641
0.740;3.141
9.284;3.047
2.062;3.846
8.939;3.066
7.953;4.698
1.903;3.899
0.712;2.708
3.802;3.491
9.644;2.614
7.699;4.777
5.649;3.335
9.180;2.904
0.419;2.232
7.114;4.125
8.920;3.091
7.817;4.377
4.761;2.169
3.906;3.546
1.568;3.362
9.639;2.714
0.735;2.604
0.568;2.719
8.865;3.211
5.341;2.887
3.467;4.124
7.991;3.745
8.965;2.955
3.248;4.639
1.406;3.375
1.383;3.530
1.835;4.403
5.409;2.785
2.413;4.244
2.182;4.665
1.090;3.513
3.903;3.700
4.120;3.117
1.018;2.499
9.536;2.468
4.622;2.504
2.689;4.487
4.783;2.445
6.314;3.311
5.374;2.182
5.619;2.972
2.241;4.319
6.802;4.136
1.481;3.105
0.738;2.526
1.581;3.999
2.113;4.411
1.439;3.706
9.104;2.709
5.323;2.660
4.585;2.805
0.850;2.749
1.426;3.483
1.592;3.545
6.155;3.011
7.085;4.555
1.939;4.350
5.977;2.981
8.163;3.674
4.908;2.190
3.653;4.081
9.013;3.137
4.355;3.072
4.262;2.551
3.897;3.708
6.559;4.468
3.302;4.516
4.823;2.804
2.920;4.265
4.345;3.164
4.516;2.726
3.391;4.425
9.335;2.379
0.362;2.081
7.519;4.601
4.649;3.003
1.622;3.525
0.928;3.048
4.234;2.709
1.366;3.052
0.997;3.197
2.852;4.515
2.937;4.200
0.737;3.132
7.700;4.529
4.650;2.933
4.038;3.404
3.745;3.202
7.831;4.006
3.531;3.700
2.708;4.502
1.425;3.981
7.071;4.358
8.411;3.595
0.616;2.961
7.887;4.259
5.405;2.562
1.297;3.618
2.129;3.903
8.055;4.382
7.056;3.968
1.639;3.877
8.970;3.197
6.933;3.991
3.566;4.136
5.283;2.468
4.203;3.053
5.897;3.038
1.473;3.776
7.114;4.220
8.390;3.779
0.530;2.437
5.718;2.474
6.238;3.246
2.069;4.570
6.792;3.809
9.716;2.896
9.256;2.891
3.534;3.622
1.058;3.091
8.405;4.190
2.675;4.144
6.177;3.783
1.233;3.643
9.593;2.498
0.895;2.416
1.842;4.409
3.894;3.624
8.937;3.009
7.945;3.754
6.518;3.541
6.438;4.148
4.965;2.379
5.997;3.440
5.047;2.722
2.540;4.603
2.017;4.399
8.444;3.316
2.072;4.568
0.314;2.631
8.230;3.884
8.205;3.787
1.232;2.970
7.284;4.097
7.103;4.258
4.055;2.855
9.066;3.271
7.547;3.998
3.715;4.051
3.644;4.219
5.927;2.870
5.804;2.810
2.932;4.241
7.287;4.120
2.512;4.446
0.988;2.701
5.084;2.569
1.526;3.997
0.679;2.173
0.957;2.672
8.624;3.210
5.853;2.745
8.600;3.539
4.645;3.033
5.252;2.168
4.771;2.931
8.027;4.646
7.617;4.901
9.334;3.014
3.914;3.440
0.450;2.167
6.499;4.223
5.958;3.040
3.302;4.134
9.526;2.394
9.093;2.973
0.280;2.378
1.395;3.056
2.174;4.069
8.088;3.716
2.289;4.238
3.541;4.000
0.886;2.370
8.988;2.962
6.535;4.357
1.797;3.546
5.928;3.015
7.027;4.882
0.737;2.789
2.392;4.736
1.103;2.600
1.189;2.800
9.330;3.056
1.306;3.631
8.650;2.998
8.280;4.167
3.180;4.228
2.258;4.529
5.199;2.728
1.311;3.195
7.301;4.178
8.130;3.651
4.870;2.996
7.696;4.557
8.890;3.474
8.204;3.665
5.310;2.475
7.675;4.679
5.633;2.861
4.010;2.770
8.347;3.557
6.139;3.161
2.541;4.029
5.982;3.648
4.400;2.941
4.934;2.259
3.096;4.224
4.761;2.777
1.600;4.005
3.965;2.863
3.202;3.966
2.970;4.120
0.722;3.135
6.571;3.785
7.213;4.009
7.746;4.830
8.901;3.428
7.709;4.886
2.124;4.734
6.413;3.772
4.200;2.809
8.970;2.935
6.078;3.763
4.921;2.061
1.516;3.595
1.209;3.345
0.991;2.984
6.536;4.349
4.408;2.449
7.137;4.764
3.094;3.910
3.578;3.837
5.652;2.909
8.175;4.330
7.878;4.330
0.965;3.328
5.572;2.404
5.198;2.424
8.215;3.709
1.810;3.516
5.592;2.571
5.637;3.111
8.490;3.664
9.502;2.602
4.787;2.350
5.765;3.115
3.385;4.075
2.360;4.427
3.577;3.857
9.589;2.850
2.703;4.663
1.596;3.531
4.370;3.314
7.825;4.619
9.163;3.235
2.697;4.292
6.691;3.851
2.443;2.964
9.719;0.116
8.870;0.872
6.545;2.340
5.116;0.683
5.953;1.410
9.321;0.229
7.473;2.451
1.726;1.673
2.198;2.440
5.425;0.328
7.336;2.091
5.990;1.628
7.020;2.387
4.109;0.748
5.968;1.080
2.544;2.079
5.600;0.746
7.092;2.498
4.361;0.679
8.151;2.116
5.941;0.743
2.124;1.808
1.809;2.008
5.645;0.898
2.014;2.040
1.055;1.190
5.390;0.725
2.733;2.901
2.913;2.135
0.434;0.872
6.984;2.228
7.158;1.992
0.656;1.101
3.717;1.918
8.041;1.913
2.780;2.431
5.693;1.248
2.407;2.150
7.003;2.258
9.272;0.944
9.156;0.331
6.756;1.732
5.463;0.266
3.802;1.856
3.021;2.234
1.692;1.692
6.307;1.483
6.826;1.791
2.250;2.649
9.161;1.164
1.185;1.311
6.177;1.523
3.900;1.348
7.399;2.602
1.938;2.161
3.839;1.308
8.268;1.610
2.338;2.182
9.340;0.367
4.220;1.359
6.578;2.287
8.949;1.322
5.678;0.749
8.900;0.670
4.538;0.911
5.928;1.183
6.762;1.863
1.684;1.743
3.464;2.222
5.638;1.323
1.803;1.488
9.567;0.191
2.660;2.504
7.804;1.976
4.569;0.213
0.255;0.565
7.970;1.895
4.601;0.244
4.476;0.795
8.716;1.042
6.199;1.161
9.237;0.313
8.377;1.346
9.478;1.045
6.132;1.284
4.129;0.858
2.233;2.462
9.402;0.415
2.395;2.877
9.131;1.240
8.154;2.471
4.467;0.732
2.806;2.808
6.593;1.637
3.741;1.835
1.505;1.186
3.396;1.713
3.916;1.554
0.539;0.999
9.589;0.666
5.224;0.267
2.609;2.188
5.353;0.841
2.397;2.548
8.305;1.566
6.578;2.126
5.004;0.185
9.037;0.829
4.145;1.134
6.320;1.482
2.434;2.871
6.435;1.961
5.102;0.504
4.082;1.253
0.440;0.377
6.513;2.264
1.143;1.042
5.502;1.158
7.800;2.214
9.451;1.074
9.152;1.036
0.500;0.455
5.884;0.845
4.076;1.142
8.659;1.070
8.795;1.108
4.371;1.036
1.450;1.590
1.444;1.121
3.109;2.770
8.445;1.327
3.924;1.659
1.287;1.289
2.850;2.034
2.737;2.119
7.740;2.108
4.731;0.427
7.426;2.029
0.923;1.318
7.537;2.231
1.225;0.835
5.127;0.797
7.417;2.929
7.083;2.123
4.547;1.048
9.081;0.460
3.397;1.586
1.584;2.083
8.555;1.178
4.904;0.928
4.911;0.526
2.669;2.983
0.387;0.895
1.376;1.120
5.335;0.939
3.628;2.168
1.402;1.398
9.078;0.394
3.234;2.523
4.426;1.234
7.790;2.383
4.709;0.938
9.180;0.389
4.492;0.682
4.956;0.356
1.150;1.390
5.589;0.602
2.680;2.376
6.256;1.592
2.177;2.197
9.280;0.265
2.797;2.679
7.574;2.110
7.710;2.127
0.320;0.840
7.807;2.136
3.981;1.329
2.971;2.877
0.361;0.891
0.967;1.284
6.663;2.005
3.124;1.901
0.846;1.178
5.111;0.577
3.088;2.510
3.515;1.568
9.434;0.279
1.101;0.697
2.170;2.650
3.712;2.049
1.168;0.981
5.263;0.729
8.328;1.916
8.285;2.247
4.056;1.449
6.045;1.299
4.263;1.369
9.349;0.770
6.129;1.544
2.456;2.321
3.519;2.027
4.791;0.338
8.049;1.649
7.260;2.403
3.672;1.770
8.023;1.817
7.422;2.007
0.592;1.095
0.780;0.264
0.622;0.446
2.828;2.565
0.570;1.025
6.879;1.961
3.992;0.869
8.315;1.599
2.658;2.176
9.201;0.542
7.281;2.247
2.073;1.917
5.093;0.137
6.446;2.075
7.394;2.013
4.213;0.722
7.450;2.564
0.576;0.139
3.207;2.071
3.475;1.872
3.884;0.961
3.265;2.248
0.268;0.010
5.812;0.682
7.251;2.349
1.775;1.437
8.752;1.707
2.636;2.710
7.976;2.472
4.638;0.944
0.444;1.021
6.401;2.231
6.390;1.339
0.942;0.428
8.440;1.265
4.156;0.955
4.847;0.638
3.366;1.762
4.318;0.603
8.098;2.057
2.962;2.091
5.217;0.927
8.097;2.156
8.589;1.252
1.959;1.893
1.574;2.096
2.010;2.515
5.372;0.748
3.073;2.559
7.549;2.897
8.965;0.870
9.554;0.193
2.404;2.403
5.103;0.497
7.056;2.457
8.440;2.125
4.067;0.728
8.636;1.694
4.892;0.477
2.351;2.711
0.699;0.812
7.687;2.798
7.441;2.669
4.251;1.140
8.263;1.429
4.983;0.842
0.336;0.257
5.972;1.056
8.148;1.839
8.681;1.572
8.908;1.193
9.722;0.277
8.627;1.811
6.726;2.411
2.992;2.555
8.633;1.143
0.716;0.640
0.532;0.511
8.229;1.566
1.045;0.604
1.514;1.903
6.604;1.764
9.346;0.435
0.506;0.404
3.480;2.206
3.844;1.152
6.385;1.309
3.219;2.025
3.692;2.100
2.495;2.332
6.386;2.082
0.478;0.531
0.958;0.673
1.285;1.335
7.085;2.883
8.068;1.638
5.937;0.686
1.567;1.457
6.868;2.546
7.533;2.800
0.976;1.398
8.829;1.586
9.286;1.106
1.372;1.814
2.452;2.626
2.108;1.994
6.187;1.569
2.655;2.044
1.905;2.425
6.757;2.461
5.904;1.071
9.115;1.037
4.021;1.320
2.224;2.205
7.952;2.123
9.609;0.892
3.024;2.805
5.733;0.818
2.863;1.995
5.597;0.297
6.104;1.880
2.463;2.605
8.313;2.283
3.530;2.197
7.235;2.799
5.370;0.576
5.500;0.667
5.784;0.977
1.161;1.035
6.632;2.012
8.498;1.624
2.994;2.251
3.695;2.084
4.898;0.443
8.352;1.639
6.709;2.418
5.874;0.910
6.017;1.190
3.379;1.981
4.495;0.859
0.848;1.257
9.009;0.815
0.824;0.832
5.686;0.635
4.773;0.982
5.199;0.367
2.943;2.893
1.488;1.911
7.095;2.332
0.335;0.228
5.499;0.431
3.250;2.578
5.036;0.681
9.273;0.326
9.146;0.305
2.006;2.149
1.775;2.115
4.811;0.202
5.368;0.455
5.683;0.462
4.987;0.259
1.107;0.787
1.346;1.867
9.136;0.740
5.534;0.787
8.470;1.393
5.500;0.542
7.875;2.505
7.123;2.122
1.422;1.239
4.939;0.297
7.965;2.232
8.593;0.973
5.068;0.037
5.378;0.821
6.108;1.836
0.522;0.974
2.903;2.121
6.794;2.192
9.595;0.529
3.904;1.502
3.195;2.244
1.500;1.626
9.577;0.534
5.133;0.819
1.253;1.042
5.365;0.283
4.294;0.613
9.072;0.765
8.910;1.428
5.049;0.034
0.558;0.827
8.183;1.675
6.902;2.348
3.953;0.825
5.904;1.436
8.224;1.801
3.630;2.123
4.013;1.411
3.554;1.914
0.295;0.986
4.552;0.827
2.109;1.875
5.194;0.836
6.558;1.985
8.640;1.819
6.087;1.013
9.620;0.599
3.530;2.310
6.423;1.981
7.430;2.478
1.217;1.189
5.959;0.795
8.576;1.076
4.769;0.737
4.017;1.131
2.750;2.497
1.429;1.500
5.150;0.331
0.812;0.330
2.968;2.396
7.839;1.914
1.272;1.266
5.789;0.512
6.382;1.315
7.571;2.625
6.686;2.590
6.581;2.011
8.931;0.602
7.305;2.708
0.483;0.433
7.103;2.582
1.106;1.294
7.990;2.562
7.191;2.474
8.803;1.031
9.711;0.286
0.620;0.865
7.090;2.731
4.198;1.428
3.338;1.695
2.730;2.454
5.371;1.062
9.027;1.183
8.068;1.970
5.720;0.834
9.238;0.449
8.892;0.906
7.677;2.477
7.973;1.877
6.924;2.369
2.662;2.850
0.624;1.006
3.529;1.404
9.595;0.607
7.525;2.265
5.133;0.356
9.395;0.976
3.602;2.090
7.996;2.647
3.650;1.639
3.120;2.701
9.000;1.139
6.999;2.654
7.907;2.396
4.724;0.791
3.915;1.276
3.872;1.054
6.311;2.050
4.967;0.576
6.998;1.916
2.689;2.587
8.539;1.170
0.936;1.097
7.935;1.961
3.284;2.047
6.227;1.274
4.695;0.952
1.730;2.215
2.413;2.236
4.086;1.525
1.731;1.762
9.207;0.757
3.379;1.619
2.888;2.845
4.950;0.762
6.794;2.328
3.331;2.199
3.267;1.768
2.338;2.868
2.549;2.572
4.196;1.485
0.700;0.298
6.391;1.658
1.408;1.708
7.008;2.408
8.654;1.107
0.450;0.445
7.909;2.121
4.681;0.705
5.298;0.929
0.341;0.294
2.931;2.840
8.872;1.363
4.563;1.090
7.951;2.461
9.197;1.089
4.841;0.041
6.952;2.720
5.660;1.290
8.266;1.660
7.871;2.768
3.898;1.868
3.630;1.321
3.760;1.335
5.852;0.893
4.302;0.560
5.275;0.972
4.178;0.833
7.345;2.031
9.436;0.677
1.707;2.299
4.453;0.802
5.330;0.376
2.987;2.847
8.649;1.207
0.918;0.968
5.366;0.305
3.535;1.374
3.380;2.278
7.120;1.953
8.508;1.353
4.833;0.891
8.195;2.362
6.314;1.778
5.638;1.332
3.861;1.335
1.212;1.271
5.651;0.596
5.780;0.551
4.844;0.383
6.229;1.726
8.332;1.390
6.020;1.752
3.090;2.098
7.358;2.571
3.788;1.549
2.581;2.021
5.366;0.681
5.641;1.028
6.066;1.409
1.000;0.555
4.745;0.176
3.093;2.345
3.070;2.729
2.538;2.400
4.078;1.262
7.664;2.843
3.676;1.639
8.502;1.509
5.242;0.243
7.902;1.848
6.341;2.062
6.245;1.179
3.628;2.117
8.777;1.585
2.007;2.412
3.321;2.552
5.565;0.536
8.380;1.268
6.056;1.689
7.199;2.777
4.797;0.881
0.492;0.072
6.923;2.666
6.104;0.892
5.622;0.325
7.698;2.106
6.187;1.839
2.698;2.661
2.620;2.598
1.330;1.686
2.196;2.737
4.130;1.462
0.921;0.642
5.239;0.420
6.751;1.780
9.378;0.731
0.977;0.819
4.432;0.783
1.326;1.201
2.101;2.574
5.078;0.106
5.655;1.163
4.891;0.491
4.318;0.981
4.743;0.536
7.096;2.724
0.482;0.487
9.671;0.633
7.341;2.104
8.874;0.624
6.288;1.146
3.232;2.027
0.578;0.696
7.163;2.945
7.090;2.158
2.351;2.338
2.218;1.940
6.560;2.167
5.356;0.890
6.348;1.659
3.091;2.690
1.742;2.229
1.939;1.864
3.699;1.632
6.115;1.836
7.279;2.774
7.325;2.778
5.563;0.743
5.811;0.621
1.723;2.277
7.769;2.455
6.704;1.930
3.103;2.683
0.269;0.895
8.752;1.066
8.180;1.957
2.655;2.643
6.674;2.090
8.127;2.394
4.898;0.726
0.569;0.877
4.037;1.055
0.549;1.074
8.345;1.297
3.665;2.051
7.091;2.295
0.856;0.754
7.471;2.105
4.491;0.762
8.445;2.100
7.372;2.743
6.164;1.037
2.466;2.766
9.418;0.706
5.412;1.096
6.832;2.319
4.169;0.673
0.804;0.675
0.379;0.987
6.617;2.240
2.831;2.948
7.338;2.246
9.427;0.891
4.656;0.398
5.913;0.856
0.851;0.926
2.989;2.451
5.315;0.310
5.834;1.082
4.228;0.659
0.609;0.647
4.469;0.927
4.519;0.910
2.369;2.752
4.921;0.826
8.546;1.603
7.710;2.338
7.681;2.184
5.108;0.140
9.419;1.060
7.360;2.738
7.778;2.107
9.620;0.696
1.638;1.285
3.471;2.155
9.687;0.457
6.033;0.945
2.717;2.184
5.668;0.930
3.132;2.103
9.522;0.773
2.259;2.468
8.954;0.861
5.841;0.834
6.455;1.548
2.765;2.265
5.022;0.616
0.922;0.594
6.626;1.858
3.324;2.472
1.576;1.937
8.349;2.069
2.014;2.363
7.949;1.791
3.153;1.792
1.816;2.405
5.631;1.043
0.803;0.779
0.730;0.819
8.209;2.109
7.191;2.547
3.329;2.056
0.416;0.749
0.666;0.923
7.663;2.444
1.552;1.270
1.319;1.671
5.387;0.398
4.237;1.465
2.449;2.384
8.171;1.841
4.216;0.812
6.265;1.913
1.691;2.111
3.350;1.979
7.141;2.656
8.347;1.299
4.046;0.980
9.006;1.134
2.074;1.836
2.942;2.327
1.712;1.533
8.202;2.175
9.396;0.715
7.320;2.669
0.787;1.193
1.616;1.985
5.080;0.929
0.302;0.357
8.875;0.770
1.425;1.157
8.779;1.531
7.456;2.153
0.515;0.930
7.599;2.132
7.930;2.634
7.944;2.408
3.154;2.517
5.004;0.404
8.249;2.054
2.404;2.199
4.745;0.058
5.361;0.435
1.696;1.731
4.744;0.734
7.005;2.606
4.085;1.284
7.723;2.439
6.790;1.747
0.850;0.303
2.689;2.165
6.136;1.011
5.185;0.082
2.517;2.167
9.208;0.985
5.721;1.011
7.878;2.227
5.963;1.343
3.606;1.371
6.403;2.200
6.795;2.295
6.502;1.954
1.325;1.319
6.943;2.395
5.328;0.244
5.562;0.732
5.310;0.237
1.122;1.199
1.570;1.621
4.799;0.445
4.412;0.958
6.527;2.221
7.351;2.698
4.750;0.210
7.493;2.566
1.235;0.946
3.293;1.652
3.167;1.922
1.898;2.403
7.916;1.767
2.566;2.204
2.986;2.794
6.915;2.777
8.583;1.016
4.692;0.875
2.400;2.156
4.245;1.400
6.364;1.873
7.503;2.540
6.928;2.018
0.801;0.394
6.744;2.558
7.329;2.228
2.264;2.337
5.371;0.859
2.356;1.968
7.338;2.508
3.536;1.712
0.645;0.567
5.101;0.305
4.280;0.904
3.828;1.423
2.104;2.468
3.750;1.821
3.459;1.503
0.906;0.626
4.680;0.093
9.082;0.982
1.285;1.625
3.566;1.389
8.150;2.194
4.219;1.280
9.604;0.762
0.763;0.292
7.015;1.891
3.268;2.462
9.135;0.314
3.932;1.301
4.845;0.894
8.971;1.044
4.068;0.719
2.277;2.304
2.057;2.236
5.033;0.250
5.584;0.322
5.348;0.237
2.316;2.338
8.538;1.935
1.191;1.512
5.680;0.439
2.621;2.561
5.477;0.853
6.235;1.191
7.777;2.395
6.022;1.394
8.799;0.711
2.691;2.089
5.279;0.186
1.320;1.019
0.423;0.536
7.405;2.696
3.745;1.340
4.634;0.664
9.555;0.677
1.453;1.731
4.450;0.938
5.530;0.257
2.074;1.783
4.044;0.824
9.383;0.797
6.917;2.786
1.613;2.057
0.844;0.738
6.043;1.500
0.724;0.200
9.613;0.744
1.675;2.228
2.011;1.741
0.926;0.573
8.594;1.779
8.729;1.345
3.486;2.100
9.241;0.634
4.295;1.127
7.047;2.341
4.833;0.785
8.468;1.425
7.742;2.167
1.766;2.226
6.779;1.798
8.241;1.743
3.157;2.626
3.136;2.610
1.822;2.012
7.794;2.605
8.722;1.192
9.704;0.219
4.293;1.140
6.857;1.949
2.403;2.479
1.478;1.722
5.899;1.144
5.076;0.259
4.123;1.151
3.028;2.393
7.727;2.017
1.326;0.881
3.459;2.227
1.488;1.863
0.386;0.239
4.231;0.524
4.842;0.552
6.660;1.702
2.567;2.914
2.857;2.430
0.454;0.702
9.449;0.869
7.632;2.434
0.961;0.588
6.217;1.481
7.486;2.274
1.982;2.334
4.605;1.118
4.864;0.993
4.473;1.031
1.533;1.636
7.955;2.271
0.811;1.085
8.316;2.196
7.932;2.116
5.025;0.676
1.917;1.823
4.495;0.762
8.875;0.694
2.102;1.941
1.657;1.979
5.727;0.971
0.396;0.315
7.552;2.815
0.359;0.351
4.030;1.496
6.313;2.093
3.937;1.305
5.220;0.523
1.676;1.712
6.518;1.473
0.384;1.012
0.770;0.791
5.381;0.711
8.599;1.946
1.272;1.201
8.118;1.939
0.767;0.398
8.936;1.171
4.375;0.967
4.142;0.886
1.325;1.702
2.403;2.675
6.774;2.597
3.869;1.009
9.081;0.977
7.412;2.403
1.858;2.330
3.039;2.281
4.071;1.086
1.802;2.109
2.899;2.929
5.491;0.387
3.978;1.760
0.416;0.463
6.105;1.721
1.053;0.718
2.046;1.752
8.203;1.593
7.631;2.170
7.374;2.564
0.556;0.118
0.972;0.704
8.114;2.327
4.489;0.363
5.321;0.747
9.293;0.322
2.076;2.693
4.170;1.438
5.928;1.253
8.699;1.156
1.069;0.711
3.100;2.049
3.145;1.813
4.118;1.406
3.677;1.749
7.812;2.208
8.122;1.823
3.321;2.289
9.083;0.531
9.640;0.850
5.727;1.267
0.506;0.782
2.314;2.688
5.973;1.585
5.530;0.506
2.787;2.611
8.643;1.808
3.578;2.094
6.545;2.140
4.179;0.665
8.087;2.343
4.960;0.897
5.431;0.836
0.506;0.592
7.195;2.875
1.935;1.847
4.259;0.714
1.082;0.621
7.786;2.831
5.411;1.068
3.641;1.953
6.378;1.619
1.788;2.018
7.335;2.256
3.828;1.868
6.459;1.737
4.237;1.348
3.437;2.146
6.569;1.561
7.180;2.072
2.168;2.685
4.086;1.187
5.499;0.707
9.222;1.079
9.734;0.575
4.228;0.840
7.587;2.623
5.109;0.458
5.953;0.830
9.208;1.130
5.730;1.147
1.091;0.938
4.457;0.684
3.525;2.070
3.989;1.012
2.722;2.121
3.058;2.192
8.553;1.792
8.502;1.895
0.994;0.787
4.858;0.426
7.322;2.046
6.829;2.735
8.249;2.321
6.032;1.012
7.193;2.171
9.552;0.421
3.269;1.741
0.711;0.397
0.407;0.032
1.751;1.760
7.478;2.749
1.816;1.932
3.499;2.280
4.655;0.811
6.748;2.261
7.723;2.612
6.242;1.086
5.378;0.986
9.059;0.963
7.101;2.672
6.837;2.147
0.492;0.591
8.724;1.106
3.393;1.570
1.877;2.464
1.857;2.437
5.012;0.158
8.140;2.028
7.726;2.749
6.653;1.859
6.123;1.598
1.190;1.362
0.379;0.319
9.588;0.691
3.839;1.053
8.389;1.637
2.799;2.078
9.267;1.047
2.306;2.208
6.477;1.714
7.782;2.351
1.394;1.343
2.583;2.301
7.684;2.130
1.723;2.331
3.575;1.527
7.403;2.996
6.373;1.867
5.112;0.302
4.491;1.022
6.890;1.803
5.747;1.190
2.414;2.382
8.046;2.026
8.738;1.090
2.967;2.818
4.900;0.995
9.042;1.297
2.117;2.283
0.922;1.053
8.922;1.347
1.934;2.271
5.587;1.212
8.199;2.197
2.631;2.427
6.315;1.660
2.705;2.536
9.380;0.323
9.072;0.515
3.780;1.377
8.583;1.797
8.750;1.280
7.389;2.732
3.031;2.120
0.985;0.903
1.959;2.624
6.317;2.040
2.946;2.407
8.052;2.387
6.879;2.639
7.306;2.441
3.626;1.924
0.648;0.357
8.075;2.570
0.753;1.082
1.981;2.323
1.465;1.632
4.418;0.546
3.101;2.105
5.844;1.268
7.677;2.823
2.037;1.995
3.982;1.151
8.501;1.953
1.913;2.131
9.494;0.367
1.800;2.243
9.022;1.107
8.051;2.052
4.362;0.363
4.470;0.974
6.768;1.748
3.588;1.448
8.651;1.649
6.822;2.197
2.188;2.719
6.419;1.898
3.779;1.400
3.738;1.461
9.065;0.968
8.897;0.876
8.378;1.645
1.753;1.913
1.889;1.653
4.822;0.911
8.945;0.790
2.813;2.353
8.323;1.792
4.161;1.313
3.724;1.568
7.297;2.360
4.392;0.678
2.653;2.145
0.640;0.371
8.295;2.068
9.321;0.974
6.388;2.245
0.843;0.544
4.112;1.524
7.736;2.029
6.631;1.579
7.401;2.424
6.256;1.613
8.315;2.289
5.514;0.371
2.466;2.853
2.840;2.581
6.652;2.301
2.718;2.764
3.509;2.087
4.533;0.772
0.846;1.092
1.788;1.715
1.010;1.212
5.510;1.118
1.326;1.531
4.562;0.657
8.581;1.209
8.628;1.053
9.706;0.227
0.301;0.994
2.199;1.850
0.679;0.327
8.898;1.304
3.510;1.603
4.891;0.832
7.346;2.515
4.132;1.331
8.913;1.003
4.175;0.639
4.029;1.121
4.805;0.580
7.265;2.078
6.628;1.783
5.022;0.094
3.991;1.367
2.460;2.408
3.085;2.377
2.228;2.797
1.749;2.068
8.060;1.804
8.891;0.813
6.073;0.914
5.709;0.439
1.176;1.043
8.375;1.914
4.505;1.112
3.834;1.562
5.270;0.310
2.689;2.863
1.754;2.263
7.513;2.547
3.984;1.686
9.236;1.043
2.014;1.725
0.727;0.348
3.974;1.707
0.988;0.856
6.774;1.987
8.228;1.625
3.451;1.758
6.605;1.641
0.740;1.141
9.284;1.047
2.062;1.846
8.939;1.066
7.953;2.698
1.903;1.899
0.712;0.708
3.802;1.491
9.644;0.614
7.699;2.777
5.649;1.335
9.180;0.904
0.419;0.232
7.114;2.125
8.920;1.091
7.817;2.377
4.761;0.169
3.906;1.546
1.568;1.362
9.639;0.714
0.735;0.604
0.568;0.719
8.865;1.211
5.341;0.887
3.467;2.124
7.991;1.745
8.965;0.955
3.248;2.639
1.406;1.375
1.383;1.530
1.835;2.403
5.409;0.785
2.413;2.244
2.182;2.665
1.090;1.513
3.903;1.700
4.120;1.117
1.018;0.499
9.536;0.468
4.622;0.504
2.689;2.487
4.783;0.445
6.314;1.311
5.374;0.182
5.619;0.972
2.241;2.319
6.802;2.136
1.481;1.105
0.738;0.526
1.581;1.999
2.113;2.411
1.439;1.706
9.104;0.709
5.323;0.660
4.585;0.805
0.850;0.749
1.426;1.483
1.592;1.545
6.155;1.011
7.085;2.555
1.939;2.350
5.977;0.981
8.163;1.674
4.908;0.190
3.653;2.081
9.013;1.137
4.355;1.072
4.262;0.551
3.897;1.708
6.559;2.468
3.302;2.516
4.823;0.804
2.920;2.265
4.345;1.164
4.516;0.726
3.391;2.425
9.335;0.379
0.362;0.081
7.519;2.601
4.649;1.003
1.622;1.525
0.928;1.048
4.234;0.709
1.366;1.052
0.997;1.197
2.852;2.515
2.937;2.200
0.737;1.132
7.700;2.529
4.650;0.933
4.038;1.404
3.745;1.202
7.831;2.006
3.531;1.700
2.708;2.502
1.425;1.981
7.071;2.358
8.411;1.595
0.616;0.961
7.887;2.259
5.405;0.562
1.297;1.618
2.129;1.903
8.055;2.382
7.056;1.968
1.639;1.877
8.970;1.197
6.933;1.991
3.566;2.136
5.283;0.468
4.203;1.053
5.897;1.038
1.473;1.776
7.114;2.220
8.390;1.779
0.530;0.437
5.718;0.474
6.238;1.246
2.069;2.570
6.792;1.809
9.716;0.896
9.256;0.891
3.534;1.622
1.058;1.091
8.405;2.190
2.675;2.144
6.177;1.783
1.233;1.643
9.593;0.498
0.895;0.416
1.842;2.409
3.894;1.624
8.937;1.009
7.945;1.754
6.518;1.541
6.438;2.148
4.965;0.379
5.997;1.440
5.047;0.722
2.540;2.603
2.017;2.399
8.444;1.316
2.072;2.568
0.314;0.631
8.230;1.884
8.205;1.787
1.232;0.970
7.284;2.097
7.103;2.258
4.055;0.855
9.066;1.271
7.547;1.998
3.715;2.051
3.644;2.219
5.927;0.870
5.804;0.810
2.932;2.241
7.287;2.120
2.512;2.446
0.988;0.701
5.084;0.569
1.526;1.997
0.679;0.173
0.957;0.672
8.624;1.210
5.853;0.745
8.600;1.539
4.645;1.033
5.252;0.168
4.771;0.931
8.027;2.646
7.617;2.901
9.334;1.014
3.914;1.440
0.450;0.167
6.499;2.223
5.958;1.040
3.302;2.134
9.526;0.394
9.093;0.973
0.280;0.378
1.395;1.056
2.174;2.069
8.088;1.716
2.289;2.238
3.541;2.000
0.886;0.370
8.988;0.962
6.535;2.357
1.797;1.546
5.928;1.015
7.027;2.882
0.737;0.789
2.392;2.736
1.103;0.600
1.189;0.800
9.330;1.056
1.306;1.631
8.650;0.998
8.280;2.167
3.180;2.228
2.258;2.529
5.199;0.728
1.311;1.195
7.301;2.178
8.130;1.651
4.870;0.996
7.696;2.557
8.890;1.474
8.204;1.665
5.310;0.475
7.675;2.679
5.633;0.861
4.010;0.770
8.347;1.557
6.139;1.161
2.541;2.029
5.982;1.648
4.400;0.941
4.934;0.259
3.096;2.224
4.761;0.777
1.600;2.005
3.965;0.863
3.202;1.966
2.970;2.120
0.722;1.135
6.571;1.785
7.213;2.009
7.746;2.830
8.901;1.428
7.709;2.886
2.124;2.734
6.413;1.772
4.200;0.809
8.970;0.935
6.078;1.763
4.921;0.061
1.516;1.595
1.209;1.345
0.991;0.984
6.536;2.349
4.408;0.449
7.137;2.764
3.094;1.910
3.578;1.837
5.652;0.909
8.175;2.330
7.878;2.330
0.965;1.328
5.572;0.404
5.198;0.424
8.215;1.709
1.810;1.516
5.592;0.571
5.637;1.111
8.490;1.664
9.502;0.602
4.787;0.350
5.765;1.115
3.385;2.075
2.360;2.427
3.577;1.857
9.589;0.850
2.703;2.663
1.596;1.531
4.370;1.314
7.825;2.619
9.163;1.235
2.697;2.292
6.691;1.851
