1;0;0;0;0;0;0;0;0;0;0;0;0;0;0;0;0;0;0;0;0;1;0;1;0;1;0;0;0;0;0;1;0;0;1;0;1;0.058309;0.413433;0.324786;0.0833333;0.411171;0;0;0;0;1;0.111111;0.260377;0;0;0;0;0;0;1;0.664286;0.290476;0.125;0.294393;0.346939;0.222222;0.289474;13495
1;0;0;0;0;0;0;0;0;0;0;0;0;0;0;0;0;0;0;0;0;1;0;1;0;1;0;0;0;0;0;1;0;0;1;0;1;0.058309;0.413433;0.324786;0.0833333;0.411171;0;0;0;0;1;0.111111;0.260377;0;0;0;0;0;0;1;0.664286;0.290476;0.125;0.294393;0.346939;0.222222;0.289474;16500
0.6;0;0;0;0;0;0;0;0;0;0;0;0;0;0;0;0;0;0;0;0;1;0;1;0;1;0;0;0;0;1;0;0;0;1;0;1;0.230321;0.449254;0.444444;0.383333;0.517843;0;0;0;1;0;0.333333;0.343396;0;0;0;0;0;0;1;0.1;0.666667;0.125;0.495327;0.346939;0.166667;0.263158;16500
0.8;0;0;0;0;0;0;0;0;0;0;0;0;0;0;0;0;0;0;0;1;0;0;1;0;1;1;0;0;1;0;0;0;1;0;0;1;0.38484;0.529851;0.504274;0.541667;0.329325;0;0;1;0;0;0.111111;0.181132;0;0;0;0;0;0;1;0.464286;0.633333;0.1875;0.252336;0.55102;0.305556;0.368421;13950
0.8;0;0;0;0;0;0;0;0;0;0;0;0;0;0;0;0;0;0;0;1;0;0;1;0;1;1;0;0;1;0;0;1;0;0;0;1;0.373178;0.529851;0.521368;0.541667;0.518231;0;0;1;0;0;0.222222;0.283019;0;0;0;0;0;0;1;0.464286;0.633333;0.0625;0.313084;0.55102;0.138889;0.157895;17450
0.8;0;0;0;0;0;0;0;0;0;0;0;0;0;0;0;0;0;0;0;1;0;0;1;0;1;0;0;0;1;0;0;0;1;0;0;1;0.38484;0.540299;0.512821;0.441667;0.395268;0;0;1;0;0;0.222222;0.283019;0;0;0;0;0;0;1;0.464286;0.633333;0.09375;0.28972;0.55102;0.166667;0.236842;15250
0.6;0;0;0;0;0;0;0;0;0;0;0;0;0;0;0;0;0;0;0;1;0;0;1;0;1;1;0;0;1;0;0;0;1;0;0;1;0.559767;0.770149;0.948718;0.658333;0.525989;0;0;1;0;0;0.222222;0.283019;0;0;0;0;0;0;1;0.464286;0.633333;0.09375;0.28972;0.55102;0.166667;0.236842;17710
0.6;0;0;0;0;0;0;0;0;0;0;0;0;0;0;0;0;0;0;0;1;0;0;1;0;1;1;0;1;0;0;0;0;1;0;0;1;0.559767;0.770149;0.948718;0.658333;0.568658;0;0;1;0;0;0.222222;0.283019;0;0;0;0;0;0;1;0.464286;0.633333;0.09375;0.28972;0.55102;0.166667;0.236842;18920
0.6;0;0;0;0;0;0;0;0;0;0;0;0;0;0;0;0;0;0;0;1;0;0;1;1;0;1;0;0;1;0;0;0;1;0;0;1;0.559767;0.770149;0.948718;0.675;0.61986;0;0;1;0;0;0.222222;0.264151;0;0;0;0;0;0;1;0.421429;0.633333;0.08125;0.429907;0.55102;0.111111;0.105263;23875
0.8;0;0;0;0;0;0;0;0;0;0;0;0;0;0;0;0;0;0;1;0;0;0;1;0;1;0;0;0;1;0;0;0;0;1;0;1;0.425656;0.532836;0.384615;0.541667;0.351823;0;0;1;0;0;0.111111;0.177358;0;0;0;0;0;0;1;0.685714;0.347619;0.1125;0.247664;0.673469;0.277778;0.342105;16430
0;0;0;0;0;0;0;0;0;0;0;0;0;0;0;0;0;0;0;1;0;0;0;1;0;1;1;0;0;1;0;0;0;0;1;0;1;0.425656;0.532836;0.384615;0.541667;0.351823;0;0;1;0;0;0.111111;0.177358;0;0;0;0;0;0;1;0.685714;0.347619;0.1125;0.247664;0.673469;0.277778;0.342105;16925
0;0;0;0;0;0;0;0;0;0;0;0;0;0;0;0;0;0;0;1;0;0;0;1;0;1;0;0;0;1;0;0;0;0;1;0;1;0.425656;0.532836;0.384615;0.541667;0.474011;0;0;1;0;0;0.333333;0.388679;0;0;0;0;0;0;1;0.55;0.533333;0.125;0.341121;0.0408163;0.222222;0.315789;20970
0;0;0;0;0;0;0;0;0;0;0;0;0;0;0;0;0;0;0;1;0;0;0;1;0;1;1;0;0;1;0;0;0;0;1;0;1;0.425656;0.532836;0.384615;0.541667;0.495345;0;0;1;0;0;0.333333;0.388679;0;0;0;0;0;0;1;0.55;0.533333;0.125;0.341121;0.0408163;0.222222;0.315789;21105
0.6;0;0;0;0;0;0;0;0;0;0;0;0;0;0;0;0;0;0;1;0;0;0;1;0;1;1;0;0;1;0;0;0;0;1;0;1;0.492711;0.714925;0.564103;0.658333;0.607836;0;0;1;0;0;0.333333;0.388679;0;0;0;0;0;0;1;0.55;0.533333;0.125;0.341121;0.0408163;0.194444;0.236842;24565
0;0;0;0;0;0;0;0;0;0;0;0;0;0;0;0;0;0;0;1;0;0;0;1;0;1;1;0;0;1;0;0;0;0;1;0;1;0.492711;0.714925;0.564103;0.658333;0.675718;0;0;1;0;0;0.333333;0.558491;0;0;0;0;0;0;1;0.771429;0.628571;0.0625;0.626168;0.510204;0.0833333;0.157895;30760
0;0;0;0;0;0;0;0;0;0;0;0;0;0;0;0;0;0;0;1;0;0;0;1;0;1;0;0;0;1;0;0;0;0;1;0;1;0.492711;0.786567;0.649573;0.491667;0.733902;0;0;1;0;0;0.333333;0.558491;0;0;0;0;0;0;1;0.771429;0.628571;0.0625;0.626168;0.510204;0.0833333;0.157895;41315
0;0;0;0;0;0;0;0;0;0;0;0;0;0;0;0;0;0;0;1;0;0;0;1;0;1;1;0;0;1;0;0;0;0;1;0;1;0.682216;0.834328;0.905983;0.708333;0.782389;0;0;1;0;0;0.333333;0.558491;0;0;0;0;0;0;1;0.771429;0.628571;0.0625;0.626168;0.510204;0.0555556;0.105263;36880
0.8;0;0;0;0;0;0;0;0;0;0;0;0;0;0;0;0;0;1;0;0;0;0;1;0;1;0;0;0;0;1;0;0;1;0;0;1;0.0524781;0;0;0.45;0;0;1;0;0;0;0;0;0;0;0;0;0;1;0;0.264286;0.457143;0.15625;0;0.387755;0.944444;0.973684;5151
0.6;0;0;0;0;0;0;0;0;0;0;0;0;0;0;0;0;0;1;0;0;0;0;1;0;1;0;0;0;0;1;0;0;1;0;0;1;0.230321;0.220896;0.282051;0.35;0.149728;0;0;1;0;0;0.111111;0.109434;0;0;0;0;0;1;0;0.35;0.495238;0.1625;0.102804;0.510204;0.694444;0.710526;6295
0;0;0;0;0;0;0;0;0;0;0;0;0;0;0;0;0;0;1;0;0;0;0;1;0;1;1;0;0;1;0;0;0;1;0;0;1;0.230321;0.264179;0.282051;0.35;0.163305;0;0;1;0;0;0.111111;0.109434;0;0;0;0;0;1;0;0.35;0.495238;0.1625;0.102804;0.510204;0.694444;0.710526;6575
0.6;0;0;0;0;0;0;0;0;0;0;0;0;0;0;0;0;1;0;0;0;0;0;1;0;1;0;0;0;0;1;0;0;1;0;0;1;0.206997;0.241791;0.299145;0.25;0.150504;0;0;1;0;0;0.111111;0.109434;0;0;0;0;0;1;0;0.307143;0.552381;0.150625;0.0934579;0.55102;0.666667;0.657895;5572
0.6;0;0;0;0;0;0;0;0;0;0;0;0;0;0;0;0;1;0;0;0;0;0;1;0;1;0;0;0;0;1;0;0;1;0;0;1;0.206997;0.241791;0.299145;0.25;0.150504;0;0;1;0;0;0.111111;0.109434;0;0;0;0;0;1;0;0.307143;0.552381;0.15;0.0934579;0.55102;0.5;0.578947;6377
0.6;0;0;0;0;0;0;0;0;0;0;0;0;0;0;0;0;1;0;0;0;0;0;1;1;0;0;0;0;0;1;0;0;1;0;0;1;0.206997;0.241791;0.299145;0.25;0.248254;0;0;1;0;0;0.111111;0.139623;0;0;0;0;0;0;1;0.35;0.628571;0.0375;0.252336;0.55102;0.305556;0.368421;7957
0.6;0;0;0;0;0;0;0;0;0;0;0;0;0;0;0;0;1;0;0;0;0;0;1;0;1;1;0;0;0;1;0;0;1;0;0;1;0.206997;0.241791;0.299145;0.233333;0.185803;0;0;1;0;0;0.111111;0.109434;0;0;0;0;0;1;0;0.307143;0.552381;0.15;0.0934579;0.55102;0.5;0.578947;6229
0.6;0;0;0;0;0;0;0;0;0;0;0;0;0;0;0;0;1;0;0;0;0;0;1;0;1;1;0;0;1;0;0;0;1;0;0;1;0.206997;0.241791;0.299145;0.233333;0.194337;0;0;1;0;0;0.111111;0.109434;0;0;0;0;0;1;0;0.307143;0.552381;0.15;0.0934579;0.55102;0.5;0.578947;6692
0.6;0;0;0;0;0;0;0;0;0;0;0;0;0;0;0;0;1;0;0;0;0;0;1;0;1;1;0;0;1;0;0;0;1;0;0;1;0.206997;0.241791;0.299145;0.233333;0.194337;0;0;1;0;0;0.111111;0.109434;0;0;0;0;0;1;0;0.307143;0.552381;0.15;0.0934579;0.55102;0.5;0.578947;7609
0.2;0;0;0;0;0;0;0;0;0;0;0;0;0;0;0;0;1;0;0;0;0;0;1;0;1;1;0;1;0;0;0;0;1;0;0;1;0.48688;0.5;0.367521;1;0.406129;0;0;1;0;0;0.111111;0.230189;0;0;0;0;0;1;0;0.571429;0.661905;0.09375;0.186916;0.346939;0.305556;0.368421;8921
1;0;0;0;0;0;0;0;0;0;0;0;0;0;0;0;0;1;0;0;0;0;0;1;1;0;0;0;0;0;1;0;0;1;0;0;1;0.271137;0.479104;0.512821;0.2;0.513189;0;0;1;0;0;0.111111;0.358491;0;0;0;0;1;0;0;0.757143;0.871429;0;0.453271;0.346939;0.166667;0.210526;12964
0.8;0;0;0;0;0;0;0;0;0;0;0;0;0;0;0;1;0;0;0;0;0;0;1;0;1;0;0;0;0;1;0;0;1;0;0;1;0;0.0522388;0.307692;0.25;0.087277;0;0;1;0;0;0.111111;0.116981;0;0;0;1;0;0;0;0.264286;0.638095;0.1625;0.046729;0.265306;1;1;6479
0.8;0;0;0;0;0;0;0;0;0;0;0;0;0;0;0;1;0;0;0;0;0;0;1;0;1;0;0;0;0;1;0;0;1;0;0;1;0;0.0522388;0.307692;0.25;0.128394;0;0;1;0;0;0.111111;0.116981;0;0;0;1;0;0;0;0.264286;0.638095;0.1375;0.130841;0.755102;0.5;0.578947;6855
0.6;0;0;0;0;0;0;0;0;0;0;0;0;0;0;0;1;0;0;0;0;0;0;1;0;1;0;0;0;0;1;0;0;1;0;0;1;0.206997;0.132836;0.316239;0.4;0.135376;0;0;1;0;0;0.111111;0.0679245;0;0;0;1;0;0;0;0.264286;0.47619;0.19375;0.0560748;0.55102;0.694444;0.684211;5399
0.6;0;0;0;0;0;0;0;0;0;0;0;0;0;0;0;1;0;0;0;0;0;0;1;0;1;0;0;0;0;1;0;0;1;0;0;1;0.206997;0.132836;0.316239;0.4;0.17533;0;0;1;0;0;0.111111;0.116981;0;0;0;1;0;0;0;0.264286;0.638095;0.1375;0.130841;0.755102;0.472222;0.473684;6529
0.6;0;0;0;0;0;0;0;0;0;0;0;0;0;0;0;1;0;0;0;0;0;0;1;0;1;0;0;0;0;1;0;0;1;0;0;1;0.206997;0.132836;0.316239;0.4;0.181536;0;0;1;0;0;0.111111;0.116981;0;0;0;1;0;0;0;0.264286;0.638095;0.1375;0.130841;0.755102;0.472222;0.473684;7129
0;0;0;0;0;0;0;0;0;0;0;0;0;0;0;0;1;0;0;0;0;0;0;1;0;1;1;0;0;1;0;0;0;1;0;0;1;0.28863;0.332836;0.316239;0.558333;0.202483;0;0;1;0;0;0.111111;0.116981;0;0;0;1;0;0;0;0.264286;0.638095;0.1375;0.130841;0.755102;0.472222;0.473684;7295
0;0;0;0;0;0;0;0;0;0;0;0;0;0;0;0;1;0;0;0;0;0;0;1;0;1;1;0;1;0;0;0;0;1;0;0;1;0.28863;0.238806;0.307692;0.875;0.207913;0;0;1;0;0;0.111111;0.116981;0;0;0;1;0;0;0;0.271429;0.638095;0.1375;0.130841;0.755102;0.472222;0.473684;7295
0;0;0;0;0;0;0;0;0;0;0;0;0;0;0;0;1;0;0;0;0;0;0;1;0;1;0;0;0;0;1;0;0;1;0;0;1;0.28863;0.39403;0.418803;0.458333;0.290147;0;0;1;0;0;0.111111;0.184906;0;0;0;1;0;0;0;0.435714;0.719048;0.125;0.17757;0.673469;0.388889;0.447368;7895
0;0;0;0;0;0;0;0;0;0;0;0;0;0;0;0;1;0;0;0;0;0;0;1;0;1;0;0;0;0;1;0;0;1;0;0;1;0.28863;0.39403;0.418803;0.458333;0.310706;0;0;1;0;0;0.111111;0.184906;0;0;0;1;0;0;0;0.435714;0.719048;0.125;0.17757;0.673469;0.388889;0.447368;9095
0;0;0;0;0;0;0;0;0;0;0;0;0;0;0;0;1;0;0;0;0;0;0;1;0;1;1;0;0;1;0;0;0;1;0;0;1;0.28863;0.51194;0.418803;0.525;0.316524;0;0;1;0;0;0.111111;0.184906;0;0;0;1;0;0;0;0.435714;0.719048;0.125;0.17757;0.673469;0.388889;0.447368;8845
0;0;0;0;0;0;0;0;0;0;0;0;0;0;0;0;1;0;0;0;0;0;0;1;0;1;1;0;0;1;0;0;0;1;0;0;1;0.28863;0.51194;0.188034;0.525;0.342901;0;0;1;0;0;0.111111;0.184906;0;0;0;1;0;0;0;0.435714;0.719048;0.125;0.17757;0.673469;0.388889;0.447368;10295
0;0;0;0;0;0;0;0;0;0;0;0;0;0;0;0;1;0;0;0;0;0;0;1;0;1;1;0;0;1;0;0;0;1;0;0;1;0.28863;0.51194;0.418803;0.525;0.378976;0;0;1;0;0;0.111111;0.184906;0;0;0;0;0;0;1;0.435714;0.719048;0.125;0.247664;0.673469;0.305556;0.315789;12945
0.6;0;0;0;0;0;0;0;0;0;0;0;0;0;0;0;1;0;0;0;0;0;0;1;0;1;0;0;0;1;0;0;0;1;0;0;1;0.28863;0.41791;0.487179;0.266667;0.312258;0;0;1;0;0;0.111111;0.184906;0;0;0;0;0;1;0;0.435714;0.719048;0.13125;0.242991;0.55102;0.333333;0.394737;10345
0;0;0;0;0;0;0;0;0;0;0;0;0;0;0;1;0;0;0;0;0;0;0;1;0;1;1;0;0;1;0;0;0;0;1;0;1;0.22449;0.441791;0.128205;0.475;0.329325;0;0;1;0;0;0.111111;0.188679;0;0;0;0;0;1;0;0.55;0.552381;0.09375;0.140187;0.265306;0.305556;0.342105;6785
0.8;0;0;0;0;0;0;0;0;0;0;0;0;0;0;1;0;0;0;0;0;0;0;1;0;1;0;0;0;0;1;0;0;0;1;0;1;0.274052;0.470149;0.418803;0.3;0.48332;0;0;1;0;0;0.111111;0.218868;0;0;1;0;0;0;0;0.635714;0.552381;0.1375;0.196262;0.346939;0.305556;0.342105;11048
0;0;0;0;0;0;0;0;0;0;0;0;0;0;1;0;0;0;0;0;0;0;0;1;0;1;1;0;0;1;0;0;0;0;1;0;1;0.769679;0.873134;0.794872;0.416667;1;0;0;0;0;1;0.333333;0.743396;0;0;0;0;0;0;1;0.778571;1;0.06875;0.598131;0.244898;0.0555556;0.0789474;32250
0;0;0;0;0;0;0;0;0;0;0;0;0;0;1;0;0;0;0;0;0;0;0;1;0;1;1;0;0;1;0;0;0;0;1;0;1;0.769679;0.873134;0.794872;0.416667;1;0;0;0;0;1;0.333333;0.743396;0;0;0;0;0;0;1;0.778571;1;0.06875;0.598131;0.244898;0.0555556;0.0789474;35550
0;0;0;0;0;0;0;0;0;0;0;0;0;0;1;0;0;0;0;0;0;0;0;1;0;1;0;0;0;1;0;0;0;0;1;0;1;0.44898;0.755224;0.880342;0;0.955004;0;0;0;1;0;1;1;0;0;0;0;0;0;1;0.714286;0.328571;0.28125;1;0.346939;0;0.0263158;36000
0.6;0;0;0;0;0;0;0;0;0;0;0;0;1;0;0;0;0;0;0;0;0;0;1;0;1;0;0;0;0;1;0;0;1;0;0;1;0.189504;0.268657;0.333333;0.525;0.155935;0;0;1;0;0;0.111111;0.113208;0;0;0;0;0;1;0;0.35;0.514286;0.125;0.0934579;0.346939;0.472222;0.394737;5195
0.6;0;0;0;0;0;0;0;0;0;0;0;0;1;0;0;0;0;0;0;0;0;0;1;0;1;0;0;0;0;1;0;0;1;0;0;1;0.189504;0.268657;0.333333;0.525;0.159814;0;0;1;0;0;0.111111;0.113208;0;0;0;0;0;1;0;0.35;0.514286;0.125;0.0934579;0.346939;0.5;0.578947;6095
0.6;0;0;0;0;0;0;0;0;0;0;0;0;1;0;0;0;0;0;0;0;0;0;1;0;1;0;0;0;0;1;0;0;1;0;0;1;0.189504;0.268657;0.333333;0.525;0.161753;0;0;1;0;0;0.111111;0.113208;0;0;0;0;0;1;0;0.35;0.514286;0.125;0.0934579;0.346939;0.5;0.578947;6795
0.6;0;0;0;0;0;0;0;0;0;0;0;0;1;0;0;0;0;0;0;0;0;0;1;0;1;1;0;0;1;0;0;0;1;0;0;1;0.189504;0.383582;0.333333;0.525;0.177269;0;0;1;0;0;0.111111;0.113208;0;0;0;0;0;1;0;0.35;0.514286;0.125;0.0934579;0.346939;0.5;0.578947;6695
0.6;0;0;0;0;0;0;0;0;0;0;0;0;1;0;0;0;0;0;0;0;0;0;1;0;1;1;0;0;1;0;0;0;1;0;0;1;0.189504;0.383582;0.333333;0.525;0.179209;0;0;1;0;0;0.111111;0.113208;0;0;0;0;0;1;0;0.385714;0.514286;0.125;0.0934579;0.346939;0.5;0.578947;7395
0.6;0;0;0;0;0;0;0;0;0;0;0;0;1;0;0;0;0;0;0;0;0;0;1;0;1;0;0;0;0;1;0;0;1;0;0;1;0.355685;0.547761;0.529915;0.491667;0.347944;0;0;1;0;0;0.111111;0.230189;0;0;0;0;0;1;0;0.607143;0.628571;0.1;0.168224;0.265306;0.361111;0.421053;8845
0;0;0;0;0;0;0;0;0;0;0;0;0;1;0;0;0;0;0;0;0;0;0;1;0;1;1;0;0;1;0;0;0;1;0;0;1;0.355685;0.547761;0.529915;0.641667;0.357642;0;0;1;0;0;0.111111;0.230189;0;0;0;0;0;1;0;0.607143;0.628571;0.1;0.168224;0.265306;0.361111;0.421053;8495
0.6;0;0;0;0;0;0;0;0;0;0;0;0;1;0;0;0;0;0;0;0;0;0;1;0;1;0;0;0;0;1;0;0;1;0;0;1;0.355685;0.547761;0.529915;0.491667;0.347944;0;0;1;0;0;0.111111;0.230189;0;0;0;0;0;1;0;0.607143;0.628571;0.1;0.168224;0.265306;0.361111;0.421053;10595
0;0;0;0;0;0;0;0;0;0;0;0;0;1;0;0;0;0;0;0;0;0;0;1;0;1;1;0;0;1;0;0;0;1;0;0;1;0.355685;0.547761;0.529915;0.641667;0.357642;0;0;1;0;0;0.111111;0.230189;0;0;0;0;0;1;0;0.607143;0.628571;0.1;0.168224;0.265306;0.361111;0.421053;10245
0;0;0;0;0;0;0;0;0;0;0;0;0;1;0;0;0;0;0;0;0;0;0;1;0;1;1;0;0;0;1;0;0;1;0;0;1;0.355685;0.547761;0.529915;0.641667;0.36346;0;0;1;0;0;0.111111;0.230189;0;0;0;0;0;1;0;0.607143;0.628571;0.1;0.168224;0.265306;0.361111;0.421053;11245
0;0;0;0;0;0;0;0;0;0;0;0;0;1;0;0;0;0;0;0;0;0;0;1;0;1;1;0;0;1;0;0;0;0;1;0;1;0.533528;0.50597;0.495726;0.55;0.458495;0;0;1;0;0;0.111111;0.298113;0;0;0;0;0;0;1;0.871429;0.519048;0.0625;0.336449;0.346939;0.166667;0.289474;18280
0;0;0;0;0;0;0;0;0;0;0;0;0;1;0;0;0;0;0;0;0;0;1;0;0;1;1;0;0;1;0;0;0;0;1;0;1;0.533528;0.50597;0.495726;0.55;0.470132;0;0;1;0;0;0.111111;0.275472;0;1;0;0;0;0;0;0.635714;0.747619;0.9375;0.11215;0.0204082;0.5;0.605263;18344
0.2;0;0;0;0;0;0;0;0;0;0;0;1;0;0;0;0;0;0;0;0;0;1;0;1;0;1;0;0;1;0;0;0;0;1;0;1;0.682216;0.743284;0.854701;0.725;0.786268;0;0;1;0;0;0.222222;0.460377;0;1;0;0;0;0;0;0.742857;0.747619;0.90625;0.350467;0.0816327;0.25;0.236842;25552
0.2;0;0;0;0;0;0;0;0;0;0;0;1;0;0;0;0;0;0;0;0;0;1;0;1;0;1;0;1;0;0;0;0;0;1;0;1;0.682216;0.743284;0.854701;0.908333;0.877424;0;0;1;0;0;0.222222;0.460377;0;1;0;0;0;0;0;0.742857;0.747619;0.90625;0.350467;0.0816327;0.25;0.236842;28248
0;0;0;0;0;0;0;0;0;0;0;0;1;0;0;0;0;0;0;0;0;0;1;0;1;0;0;1;0;0;0;0;0;0;1;0;1;0.586006;0.692537;0.854701;0.591667;0.77851;0;0;1;0;0;0.222222;0.460377;0;1;0;0;0;0;0;0.742857;0.747619;0.90625;0.350467;0.0816327;0.25;0.236842;28176
0.2;0;0;0;0;0;0;0;0;0;0;0;1;0;0;0;0;0;0;0;0;0;1;0;1;0;1;0;0;1;0;0;0;0;1;0;1;0.845481;0.91791;0.974359;0.708333;0.885182;0;0;1;0;0;0.222222;0.460377;0;1;0;0;0;0;0;0.742857;0.747619;0.90625;0.350467;0.0816327;0.25;0.236842;31600
0.2;0;0;0;0;0;0;0;0;0;0;0;1;0;0;0;0;0;0;0;0;0;0;1;0;1;1;0;0;1;0;0;0;0;1;0;1;0.845481;0.91791;0.974359;0.725;0.873545;0;0;0;1;0;0.555556;0.65283;0;0;0;0;0;0;1;0.657143;0.490476;0.08125;0.5;0.244898;0.0833333;0.0526316;34184
1;0;0;0;0;0;0;0;0;0;0;0;1;0;0;0;0;0;0;0;0;0;0;1;0;1;0;0;0;0;0;1;0;0;1;0;1;0.291545;0.585075;0.871795;0.25;0.852211;0;0;0;1;0;0.555556;0.65283;0;0;0;0;0;0;1;0.657143;0.490476;0.08125;0.5;0.244898;0.0833333;0.0526316;35056
0;0;0;0;0;0;0;0;0;0;0;0;1;0;0;0;0;0;0;0;0;0;0;1;0;1;1;0;0;1;0;0;0;0;1;0;1;1;1;0.974359;0.741667;0.935609;0;0;0;1;0;0.555556;0.932075;0;0;0;0;0;0;1;0.9;0.609524;0.0625;0.635514;0.142857;0.0277778;0;40960
0.6;0;0;0;0;0;0;0;0;0;0;0;1;0;0;0;0;0;0;0;0;0;0;1;0;1;0;1;0;0;0;0;0;0;1;0;1;0.740525;0.867164;1;0.633333;0.863848;0;0;0;1;0;0.555556;0.916981;0;0;0;0;0;0;1;0.9;0.609524;0.0625;0.635514;0.142857;0.0277778;0;45400
0.6;0;0;0;0;0;0;0;0;0;0;1;0;0;0;0;0;0;0;0;0;0;0;1;1;0;0;0;0;0;1;0;0;0;1;0;1;0.469388;0.556716;0.65812;0.583333;0.55159;0;0;1;0;0;0.111111;0.298113;0;0;0;0;0;0;1;0.885714;0.5;0.0625;0.593458;0.346939;0.166667;0.210526;16503
0.8;0;0;0;0;0;0;0;0;0;1;0;0;0;0;0;0;0;0;0;0;0;0;1;0;1;0;0;0;0;1;0;0;1;0;0;1;0.206997;0.241791;0.350427;0.25;0.166796;0;0;1;0;0;0.111111;0.116981;0;0;0;0;0;1;0;0.307143;0.552381;0.15;0.0934579;0.55102;0.666667;0.657895;5389
0.8;0;0;0;0;0;0;0;0;0;1;0;0;0;0;0;0;0;0;0;0;0;0;1;0;1;0;0;0;0;1;0;0;1;0;0;1;0.206997;0.241791;0.350427;0.25;0.176881;0;0;1;0;0;0.111111;0.116981;0;0;0;0;0;1;0;0.307143;0.552381;0.15;0.0934579;0.55102;0.5;0.578947;6189
0.8;0;0;0;0;0;0;0;0;0;1;0;0;0;0;0;0;0;0;0;0;0;0;1;0;1;0;0;0;0;1;0;0;1;0;0;1;0.206997;0.241791;0.350427;0.25;0.200155;0;0;1;0;0;0.111111;0.116981;0;0;0;0;0;1;0;0.307143;0.552381;0.15;0.0934579;0.55102;0.5;0.578947;6669
0.6;0;0;0;0;0;0;0;0;0;1;0;0;0;0;0;0;0;0;0;0;0;0;1;1;0;0;0;0;0;1;0;0;1;0;0;1;0.186589;0.241791;0.299145;0.25;0.254849;0;0;1;0;0;0.111111;0.139623;1;0;0;0;0;0;0;0.35;0.628571;0.0375;0.252336;0.55102;0.305556;0.368421;7689
1;0;0;0;0;0;0;0;0;0;1;0;0;0;0;0;0;0;0;0;0;0;0;1;1;0;0;0;0;0;1;0;0;1;0;0;1;0.282799;0.476119;0.435897;0.133333;0.342126;0;0;1;0;0;0.111111;0.184906;1;0;0;0;0;0;0;0.45;0.661905;0.03125;0.317757;0.55102;0.277778;0.368421;9959
1;0;0;0;0;0;0;0;0;0;1;0;0;0;0;0;0;0;0;0;0;0;0;1;0;1;0;0;0;0;1;0;0;1;0;0;1;0.282799;0.476119;0.435897;0.133333;0.325834;0;0;1;0;0;0.111111;0.230189;0;0;0;0;0;1;0;0.578571;0.661905;0.09375;0.186916;0.346939;0.333333;0.421053;8499
1;0;0;0;0;0;0;0;0;0;1;0;0;0;0;0;0;0;0;0;0;0;0;1;1;0;0;0;0;0;1;0;0;1;0;0;1;0.271137;0.479104;0.512821;0.2;0.521722;0;0;1;0;0;0.111111;0.358491;1;0;0;0;0;0;0;0.742857;0.852381;0;0.453271;0.346939;0.166667;0.210526;12629
1;0;0;0;0;0;0;0;0;0;1;0;0;0;0;0;0;0;0;0;0;0;0;1;1;0;0;0;0;0;1;0;0;1;0;0;1;0.271137;0.479104;0.512821;0.2;0.555857;0;0;1;0;0;0.111111;0.358491;1;0;0;0;0;0;0;0.75;0.852381;0;0.453271;0.346939;0.166667;0.210526;14869
1;0;0;0;0;0;0;0;0;0;1;0;0;0;0;0;0;0;0;0;0;0;0;1;1;0;0;0;0;0;1;0;0;1;0;0;1;0.271137;0.479104;0.512821;0.2;0.557797;0;0;1;0;0;0.111111;0.358491;1;0;0;0;0;0;0;0.75;0.852381;0;0.453271;0.346939;0.166667;0.210526;14489
0.6;0;0;0;0;0;0;0;0;0;1;0;0;0;0;0;0;0;0;0;0;0;0;1;0;1;1;0;0;1;0;0;0;1;0;0;1;0.282799;0.467164;0.435897;0.316667;0.340186;0;0;1;0;0;0.111111;0.230189;0;0;0;0;0;1;0;0.578571;0.661905;0.09375;0.186916;0.346939;0.333333;0.421053;6989
0.6;0;0;0;0;0;0;0;0;0;1;0;0;0;0;0;0;0;0;0;0;0;0;1;0;1;1;0;0;1;0;0;0;1;0;0;1;0.282799;0.467164;0.435897;0.316667;0.355702;0;0;1;0;0;0.111111;0.230189;0;0;0;0;0;1;0;0.578571;0.661905;0.09375;0.186916;0.346939;0.333333;0.421053;8189
0.6;0;0;0;0;0;0;0;0;0;1;0;0;0;0;0;0;0;0;0;0;0;0;1;1;0;1;0;0;1;0;0;0;1;0;0;1;0.282799;0.467164;0.435897;0.316667;0.354926;0;0;1;0;0;0.111111;0.184906;1;0;0;0;0;0;0;0.45;0.661905;0.03125;0.317757;0.55102;0.277778;0.368421;9279
0.2;0;0;0;0;0;0;0;0;0;1;0;0;0;0;0;0;0;0;0;0;0;0;1;0;1;1;0;0;1;0;0;0;1;0;0;1;0.282799;0.467164;0.435897;0.316667;0.354926;0;0;1;0;0;0.111111;0.184906;1;0;0;0;0;0;0;0.45;0.661905;0.03125;0.317757;0.55102;0.277778;0.368421;9279
0.6;0;0;0;0;0;0;0;0;1;0;0;0;0;0;0;0;0;0;0;0;0;0;1;0;1;0;0;0;1;0;0;0;1;0;0;1;0.230321;0.361194;0.299145;0.558333;0.155547;0;0;1;0;0;0.111111;0.135849;0;0;0;0;0;1;0;0.435714;0.580952;0.15;0.0981308;0.428571;0.5;0.552632;5499
0.6;0;0;0;0;0;0;0;0;1;0;0;0;0;0;0;0;0;0;0;0;0;1;0;0;1;0;0;0;1;0;0;0;1;0;0;1;0.230321;0.361194;0.299145;0.558333;0.205198;0;0;1;0;0;0.111111;0.158491;0;1;0;0;0;0;0;0.321429;0.666667;0.93125;0.0327103;0.265306;0.888889;0.894737;7099
0.6;0;0;0;0;0;0;0;0;1;0;0;0;0;0;0;0;0;0;0;0;0;0;1;0;1;0;0;0;1;0;0;0;1;0;0;1;0.230321;0.361194;0.299145;0.558333;0.166796;0;0;1;0;0;0.111111;0.135849;0;0;0;0;0;1;0;0.435714;0.580952;0.15;0.0981308;0.428571;0.5;0.552632;6649
0.6;0;0;0;0;0;0;0;0;1;0;0;0;0;0;0;0;0;0;0;0;0;0;1;0;1;1;0;0;1;0;0;0;1;0;0;1;0.230321;0.361194;0.299145;0.558333;0.174554;0;0;1;0;0;0.111111;0.135849;0;0;0;0;0;1;0;0.435714;0.580952;0.15;0.0981308;0.428571;0.5;0.552632;6849
0.6;0;0;0;0;0;0;0;0;1;0;0;0;0;0;0;0;0;0;0;0;0;0;1;0;1;1;0;1;0;0;0;0;1;0;0;1;0.230321;0.434328;0.299145;0.475;0.207913;0;0;1;0;0;0.111111;0.135849;0;0;0;0;0;1;0;0.435714;0.580952;0.15;0.0981308;0.428571;0.5;0.552632;7349
0.6;0;0;0;0;0;0;0;0;1;0;0;0;0;0;0;0;0;0;0;0;0;0;1;0;1;0;0;0;1;0;0;0;1;0;0;1;0.230321;0.361194;0.299145;0.558333;0.179597;0;0;1;0;0;0.111111;0.135849;0;0;0;0;0;1;0;0.435714;0.580952;0.15;0.0981308;0.428571;0.5;0.552632;7299
0.6;0;0;0;0;0;0;0;0;1;0;0;0;0;0;0;0;0;0;0;0;0;0;1;0;1;0;0;0;0;1;0;0;1;0;0;1;0.230321;0.365672;0.299145;0.458333;0.209465;0;0;1;0;0;0.111111;0.135849;0;0;0;0;0;1;0;0.435714;0.580952;0.15;0.0981308;0.428571;0.5;0.552632;7799
0.6;0;0;0;0;0;0;0;0;1;0;0;0;0;0;0;0;0;0;0;0;0;0;1;0;1;1;0;0;1;0;0;0;1;0;0;1;0.230321;0.361194;0.299145;0.558333;0.187355;0;0;1;0;0;0.111111;0.135849;0;0;0;0;0;1;0;0.435714;0.580952;0.15;0.0981308;0.428571;0.5;0.552632;7499
0.6;0;0;0;0;0;0;0;0;1;0;0;0;0;0;0;0;0;0;0;0;0;0;1;0;1;1;0;1;0;0;0;0;1;0;0;1;0.230321;0.434328;0.299145;0.475;0.212956;0;0;1;0;0;0.111111;0.135849;0;0;0;0;0;1;0;0.435714;0.580952;0.15;0.0981308;0.428571;0.5;0.552632;7999
0.8;0;0;0;0;0;0;0;0;1;0;0;0;0;0;0;0;0;0;0;0;0;0;1;0;1;0;1;0;0;0;0;0;1;0;0;1;0.247813;0.31791;0.299145;0.458333;0.201707;0;0;1;0;0;0.111111;0.135849;0;0;0;0;0;1;0;0.435714;0.580952;0.15;0.0981308;0.428571;0.5;0.552632;8249
0;0;0;0;0;0;0;0;0;1;0;0;0;0;0;0;0;0;0;0;0;0;0;1;0;1;1;0;0;0;1;0;0;1;0;0;1;0.309038;0.48209;0.418803;0.575;0.324282;0;0;1;0;0;0.111111;0.222642;0;0;0;0;0;1;0;0.564286;0.666667;0.09375;0.228972;0.428571;0.388889;0.473684;8949
0;0;0;0;0;0;0;0;0;1;0;0;0;0;0;0;0;0;0;0;0;0;0;1;0;1;1;0;0;1;0;0;0;1;0;0;1;0.309038;0.48209;0.418803;0.575;0.315749;0;0;1;0;0;0.111111;0.222642;0;0;0;0;0;1;0;0.564286;0.666667;0.09375;0.228972;0.428571;0.388889;0.473684;9549
0;0;0;0;0;0;0;0;0;1;0;0;0;0;0;0;0;0;0;0;0;0;0;1;0;1;1;0;0;1;0;0;0;1;0;0;1;0.402332;0.60597;0.529915;0.608333;0.623351;0;0;0;1;0;0.333333;0.45283;0;0;0;0;0;0;1;0.635714;0.571429;0.125;0.485981;0.428571;0.111111;0.157895;13499
0;0;0;0;0;0;0;0;0;1;0;0;0;0;0;0;0;0;0;0;0;0;0;1;0;1;1;0;1;0;0;0;0;1;0;0;1;0.402332;0.649254;0.529915;0.691667;0.701319;0;0;0;1;0;0.333333;0.45283;0;0;0;0;0;0;1;0.635714;0.571429;0.125;0.485981;0.428571;0.111111;0.157895;14399
0;0;0;0;0;0;0;0;0;1;0;0;0;0;0;0;0;0;0;0;0;0;0;1;0;1;1;0;0;1;0;0;0;1;0;0;1;0.402332;0.649254;0.529915;0.608333;0.609775;0;0;0;1;0;0.333333;0.45283;0;0;0;0;0;0;1;0.635714;0.571429;0.125;0.485981;0.428571;0.166667;0.236842;13499
1;0;0;0;0;0;0;0;0;1;0;0;0;0;0;0;0;0;0;0;0;0;0;1;0;1;0;0;0;0;1;0;0;0;1;0;1;0.137026;0.441791;0.649573;0.158333;0.614042;0;0;0;1;0;0.333333;0.45283;0;0;0;0;0;0;1;0.635714;0.571429;0.125;0.523364;0.428571;0.166667;0.236842;17199
1;0;0;0;0;0;0;0;0;1;0;0;0;0;0;0;0;0;0;0;0;0;0;1;1;0;0;0;0;0;1;0;0;0;1;0;1;0.137026;0.441791;0.649573;0.158333;0.640419;0;0;0;1;0;0.333333;0.45283;0;0;0;0;0;0;1;0.635714;0.571429;0.05;0.71028;0.428571;0.111111;0.184211;19699
0.6;0;0;0;0;0;0;0;0;1;0;0;0;0;0;0;0;0;0;0;0;0;0;1;0;1;0;0;0;0;1;0;0;0;1;0;1;0.367347;0.558209;0.649573;0.158333;0.640419;0;0;0;1;0;0.333333;0.45283;0;0;0;0;0;0;1;0.635714;0.571429;0.125;0.523364;0.428571;0.166667;0.236842;18399
0;0;0;0;0;0;0;0;1;0;0;0;0;0;0;0;0;0;0;0;0;0;0;1;0;1;1;0;0;1;0;0;0;0;1;0;1;0.620991;0.680597;0.692308;0.741667;0.594259;0;1;0;0;0;0.111111;0.222642;0;0;0;0;0;0;1;0.657143;0.533333;0.0875;0.228972;0.346939;0.166667;0.210526;11900
0;0;0;0;0;0;0;0;1;0;0;0;0;0;0;0;0;0;0;0;0;0;1;0;1;0;1;0;0;1;0;0;0;0;1;0;1;0.620991;0.680597;0.692308;0.741667;0.662917;0;1;0;0;0;0.111111;0.343396;0;1;0;0;0;0;0;0.828571;0.690476;0.875;0.219626;0;0.416667;0.447368;13200
0;0;0;0;0;0;0;0;1;0;0;0;0;0;0;0;0;0;0;0;0;0;0;1;0;1;1;0;1;0;0;0;0;0;1;0;1;0.804665;0.862687;0.692308;0.908333;0.675718;0;1;0;0;0;0.111111;0.222642;0;0;0;0;0;0;1;0.657143;0.533333;0.0875;0.228972;0.346939;0.166667;0.210526;12440
0;0;0;0;0;0;0;0;1;0;0;0;0;0;0;0;0;0;0;0;0;0;1;0;1;0;1;0;1;0;0;0;0;0;1;0;1;0.804665;0.862687;0.692308;0.908333;0.753297;0;1;0;0;0;0.111111;0.343396;0;1;0;0;0;0;0;0.828571;0.690476;0.875;0.219626;0;0.333333;0.236842;13860
0;0;0;0;0;0;0;0;1;0;0;0;0;0;0;0;0;0;0;0;0;0;0;1;0;1;1;0;0;1;0;0;0;0;1;0;1;0.620991;0.680597;0.692308;0.741667;0.615593;0;1;0;0;0;0.111111;0.222642;0;0;0;0;0;0;1;0.657143;0.0571429;0.0875;0.219626;0.346939;0.166667;0.210526;15580
0;0;0;0;0;0;0;0;1;0;0;0;0;0;0;0;0;0;0;0;0;0;1;0;1;0;1;0;0;1;0;0;0;0;1;0;1;0.620991;0.680597;0.692308;0.741667;0.684251;0;1;0;0;0;0.111111;0.343396;0;1;0;0;0;0;0;0.828571;0.690476;0.875;0.219626;0;0.416667;0.447368;16900
0;0;0;0;0;0;0;0;1;0;0;0;0;0;0;0;0;0;0;0;0;0;0;1;0;1;1;0;1;0;0;0;0;0;1;0;1;0.804665;0.862687;0.692308;0.741667;0.697052;0;1;0;0;0;0.111111;0.222642;0;0;0;0;0;0;1;0.657143;0.0571429;0.0875;0.219626;0.346939;0.166667;0.210526;16695
0;0;0;0;0;0;0;0;1;0;0;0;0;0;0;0;0;0;0;0;0;0;1;0;1;0;1;0;1;0;0;0;0;0;1;0;1;0.804665;0.862687;0.692308;0.908333;0.774631;0;1;0;0;0;0.111111;0.343396;0;1;0;0;0;0;0;0.828571;0.690476;0.875;0.219626;0;0.333333;0.236842;17075
0;0;0;0;0;0;0;0;1;0;0;0;0;0;0;0;0;0;0;0;0;0;0;1;0;1;1;0;0;1;0;0;0;0;1;0;1;0.620991;0.680597;0.692308;0.741667;0.615593;0;1;0;0;0;0.111111;0.222642;0;0;0;0;0;0;1;0.657143;0.533333;0.0875;0.228972;0.346939;0.166667;0.210526;16630
0;0;0;0;0;0;0;0;1;0;0;0;0;0;0;0;0;0;0;0;0;0;1;0;1;0;1;0;0;1;0;0;0;0;1;0;1;0.620991;0.680597;0.692308;0.741667;0.684251;0;1;0;0;0;0.111111;0.343396;0;1;0;0;0;0;0;0.828571;0.690476;0.875;0.219626;0;0.416667;0.447368;17950
0;0;0;0;0;0;0;0;1;0;0;0;0;0;0;0;0;0;0;0;0;0;0;1;1;0;1;0;0;1;0;0;0;0;1;0;1;0.623907;0.680597;0.683761;0.683333;0.636928;0;1;0;0;0;0.111111;0.275472;0;0;0;0;0;0;1;0.764286;0.542857;0;0.439252;0.591837;0.138889;0.210526;18150
0.6;0;0;0;0;0;0;1;0;0;0;0;0;0;0;0;0;0;0;0;0;0;0;1;0;1;0;0;0;0;1;0;0;1;0;0;1;0.206997;0.241791;0.299145;0.25;0.166796;0;0;1;0;0;0.111111;0.109434;0;0;0;0;0;1;0;0.307143;0.552381;0.15;0.0934579;0.55102;0.666667;0.657895;5572
0.6;0;0;0;0;0;0;1;0;0;0;0;0;0;0;0;0;0;0;0;0;0;0;1;1;0;0;0;0;0;1;0;0;1;0;0;1;0.206997;0.241791;0.299145;0.25;0.248254;0;0;1;0;0;0.111111;0.139623;1;0;0;0;0;0;0;0.35;0.628571;0.0375;0.252336;0.55102;0.305556;0.368421;7957
0.6;0;0;0;0;0;0;1;0;0;0;0;0;0;0;0;0;0;0;0;0;0;0;1;0;1;1;0;0;0;1;0;0;1;0;0;1;0.206997;0.241791;0.299145;0.233333;0.185803;0;0;1;0;0;0.111111;0.109434;0;0;0;0;0;1;0;0.307143;0.552381;0.15;0.0934579;0.55102;0.5;0.578947;6229
0.6;0;0;0;0;0;0;1;0;0;0;0;0;0;0;0;0;0;0;0;0;0;0;1;0;1;1;0;0;1;0;0;0;1;0;0;1;0.206997;0.391045;0.299145;0.25;0.194337;0;0;1;0;0;0.111111;0.109434;0;0;0;0;0;1;0;0.307143;0.552381;0.15;0.0934579;0.55102;0.5;0.578947;6692
0.6;0;0;0;0;0;0;1;0;0;0;0;0;0;0;0;0;0;0;0;0;0;0;1;0;1;1;0;0;1;0;0;0;1;0;0;1;0.206997;0.391045;0.299145;0.25;0.272692;0;0;1;0;0;0.111111;0.139623;0;0;0;0;0;1;0;0.307143;0.552381;0.15;0.0934579;0.55102;0.5;0.578947;7609
0.2;0;0;0;0;0;0;1;0;0;0;0;0;0;0;0;0;0;0;0;0;0;0;1;0;1;1;0;1;0;0;0;0;1;0;0;1;0.48688;0.5;0.367521;1;0.406129;0;0;1;0;0;0.111111;0.230189;0;0;0;0;0;1;0;0.578571;0.661905;0.09375;0.186916;0.346939;0.305556;0.368421;8921
1;0;0;0;0;0;0;1;0;0;0;0;0;0;0;0;0;0;0;0;0;0;0;1;1;0;0;0;0;0;1;0;0;0;1;0;1;0.271137;0.479104;0.512821;0.2;0.515904;0;0;1;0;0;0.111111;0.358491;1;0;0;0;0;0;0;0.75;0.852381;0;0.453271;0.346939;0.166667;0.210526;12764
1;0;0;0;0;0;1;0;0;0;0;0;0;0;0;0;0;0;0;0;0;0;0;1;0;1;0;0;0;0;1;0;0;0;1;0;1;0.230321;0.414925;0.683761;0.2;0.500388;0;0;1;0;0;0.111111;0.339623;0;0;0;0;0;0;1;1;0.495238;0.15625;0.443925;0.55102;0.166667;0.289474;22018
1;0;0;0;0;0;1;0;0;0;0;0;0;0;0;0;0;0;0;0;0;0;0;1;0;1;0;1;0;0;0;0;0;0;1;1;0;0.0845481;0.414925;0.401709;0.316667;0.491854;1;0;0;0;0;0.333333;0.501887;0;0;0;0;0;0;1;0.857143;0.395238;0.15625;0.742991;0.714286;0.111111;0.236842;32528
1;0;0;0;0;0;1;0;0;0;0;0;0;0;0;0;0;0;0;0;0;0;0;1;0;1;0;1;0;0;0;0;0;0;1;1;0;0.0845481;0.414925;0.401709;0.316667;0.491854;1;0;0;0;0;0.333333;0.501887;0;0;0;0;0;0;1;0.857143;0.395238;0.15625;0.742991;0.714286;0.111111;0.236842;34028
1;0;0;0;0;0;1;0;0;0;0;0;0;0;0;0;0;0;0;0;0;0;0;1;0;1;0;0;0;0;0;1;0;0;1;1;0;0.0845481;0.414925;0.401709;0.316667;0.508922;1;0;0;0;0;0.333333;0.501887;0;0;0;0;0;0;1;0.857143;0.395238;0.15625;0.742991;0.714286;0.111111;0.236842;37028
1;0;0;0;0;1;0;0;0;0;0;0;0;0;0;0;0;0;0;0;0;0;0;1;0;1;0;0;0;0;1;0;0;1;0;0;1;0.364431;0.679104;0.529915;0.691667;0.45384;0;0;1;0;0;0.111111;0.226415;0;0;0;0;0;0;1;0.714286;0.47619;0.144375;0.28972;0.44898;0.222222;0.315789;11850
0.8;0;0;0;0;1;0;0;0;0;0;0;0;0;0;0;0;0;0;0;0;0;0;1;0;1;1;0;0;1;0;0;0;1;0;0;1;0.364431;0.679104;0.529915;0.691667;0.468192;0;0;1;0;0;0.111111;0.226415;0;0;0;0;0;0;1;0.714286;0.47619;0.14375;0.28972;0.44898;0.222222;0.315789;12170
1;0;0;0;0;1;0;0;0;0;0;0;0;0;0;0;0;0;0;0;0;0;0;1;0;1;0;0;0;0;1;0;0;1;0;0;1;0.364431;0.679104;0.529915;0.691667;0.472847;0;0;1;0;0;0.111111;0.226415;0;0;0;0;0;0;1;0;0;0.14375;0.28972;0.44898;0.222222;0.315789;15040
0.8;0;0;0;0;1;0;0;0;0;0;0;0;0;0;0;0;0;0;0;0;0;0;1;0;1;1;0;0;1;0;0;0;1;0;0;1;0.364431;0.679104;0.529915;0.691667;0.49263;0;0;1;0;0;0.111111;0.226415;0;0;0;0;0;0;1;0.714286;0.47619;0.14375;0.28972;0.44898;0.222222;0.315789;15510
1;0;0;0;0;1;0;0;0;0;0;0;0;0;0;0;0;0;0;0;0;0;0;1;1;0;0;0;0;0;1;0;0;1;0;0;1;0.364431;0.679104;0.529915;0.691667;0.512025;0;0;0;0;1;0.111111;0.226415;0;0;0;0;0;0;1;0.714286;0.47619;0.125;0.523364;0.55102;0.166667;0.263158;18150
0.8;0;0;0;0;1;0;0;0;0;0;0;0;0;0;0;0;0;0;0;0;0;0;1;1;0;1;0;0;1;0;0;0;1;0;0;1;0.364431;0.679104;0.529915;0.691667;0.527153;0;0;0;0;1;0.111111;0.226415;0;0;0;0;0;0;1;0.714286;0.47619;0.125;0.523364;0.55102;0.166667;0.263158;18620
0.8;0;0;0;1;0;0;0;0;0;0;0;0;0;0;0;0;0;0;0;0;0;0;1;0;1;0;0;0;0;1;0;0;1;0;0;1;0.206997;0.235821;0.264957;0.491667;0.217998;1;0;0;0;0;0.111111;0.135849;0;0;0;0;0;1;0;0.771429;0.138095;0.125;0.0981308;0.306122;0.5;0.526316;5118
0.8;0;0;0;1;0;0;0;0;0;0;0;0;0;0;0;0;0;0;0;0;0;0;1;0;1;0;0;0;0;1;0;0;1;0;0;1;0.206997;0.250746;0.282051;0.491667;0.245151;1;0;0;0;0;0.111111;0.177358;0;0;0;0;0;1;0;0.771429;0.271429;0.10625;0.116822;0.102041;0.361111;0.394737;7053
0.8;0;0;0;1;0;0;0;0;0;0;0;0;0;0;0;0;0;0;0;0;0;0;1;0;1;0;0;0;0;1;0;1;0;0;0;1;0.195335;0.241791;0.299145;0.658333;0.291699;1;0;0;0;0;0.111111;0.177358;0;0;0;0;0;1;0;0.771429;0.271429;0.10625;0.116822;0.102041;0.361111;0.394737;7603
0;0;0;0;1;0;0;0;0;0;0;0;0;0;0;0;0;0;0;0;0;0;0;1;0;1;1;0;0;1;0;0;0;1;0;0;1;0.309038;0.461194;0.435897;0.391667;0.254849;1;0;0;0;0;0.111111;0.177358;0;0;0;0;0;1;0;0.771429;0.271429;0.15625;0.158879;0.265306;0.527778;0.552632;7126
0;0;0;0;1;0;0;0;0;0;0;0;0;0;0;0;0;0;0;0;0;0;0;1;0;1;1;0;0;1;0;0;0;1;0;0;1;0.309038;0.461194;0.435897;0.391667;0.272304;1;0;0;0;0;0.111111;0.177358;0;0;0;0;0;1;0;0.771429;0.271429;0.15625;0.158879;0.102041;0.416667;0.447368;7775
0;0;0;0;1;0;0;0;0;0;0;0;0;0;0;0;0;0;0;0;0;0;0;1;0;1;1;0;0;1;0;0;0;1;0;0;1;0.309038;0.461194;0.435897;0.391667;0.330489;1;0;0;0;0;0.111111;0.177358;0;0;0;0;0;0;1;0.771429;0.271429;0.125;0.214953;0.428571;0.361111;0.421053;9960
0;0;0;0;1;0;0;0;0;0;0;0;0;0;0;0;0;0;0;0;0;0;0;1;0;1;1;0;0;1;0;0;1;0;0;0;1;0.303207;0.461194;0.435897;0.541667;0.347944;1;0;0;0;0;0.111111;0.177358;0;0;0;0;0;1;0;0.771429;0.271429;0.125;0.158879;0.265306;0.305556;0.236842;9233
0;0;0;0;1;0;0;0;0;0;0;0;0;0;0;0;0;0;0;0;0;0;0;1;1;0;1;0;0;1;0;0;1;0;0;0;1;0.303207;0.461194;0.435897;0.541667;0.396431;1;0;0;0;0;0.111111;0.177358;0;0;0;0;0;0;1;0.771429;0.271429;0.04375;0.294393;0.265306;0.305556;0.342105;11259
0;0;0;0;1;0;0;0;0;0;0;0;0;0;0;0;0;0;0;0;0;0;0;1;0;1;1;0;1;0;0;0;0;1;0;0;1;0.303207;0.483582;0.435897;0.433333;0.311094;1;0;0;0;0;0.111111;0.177358;0;0;0;0;0;1;0;0.771429;0.271429;0.125;0.158879;0.265306;0.416667;0.421053;7463
0;0;0;0;1;0;0;0;0;0;0;0;0;0;0;0;0;0;0;0;0;0;0;1;0;1;1;0;1;0;0;0;0;1;0;0;1;0.303207;0.483582;0.435897;0.433333;0.375097;1;0;0;0;0;0.111111;0.177358;0;0;0;0;0;0;1;0.771429;0.271429;0.125;0.214953;0.428571;0.333333;0.394737;10198
0;0;0;0;1;0;0;0;0;0;0;0;0;0;0;0;0;0;0;0;0;0;0;1;0;1;1;0;1;0;0;0;1;0;0;0;1;0.300292;0.485075;0.435897;0.591667;0.361521;1;0;0;0;0;0.111111;0.177358;0;0;0;0;0;1;0;0.771429;0.271429;0.125;0.158879;0.265306;0.277778;0.342105;8013
0;0;0;0;1;0;0;0;0;0;0;0;0;0;0;0;0;0;0;0;0;0;0;1;1;0;1;0;1;0;0;0;1;0;0;0;1;0.300292;0.485075;0.435897;0.591667;0.450737;1;0;0;0;0;0.111111;0.177358;0;0;0;0;0;0;1;0.771429;0.271429;0.04375;0.294393;0.265306;0.277778;0.184211;11694
0.6;0;0;1;0;0;0;0;0;0;0;0;0;0;0;0;0;0;0;0;0;0;0;1;0;1;0;0;0;0;1;0;0;1;0;0;1;0.265306;0.262687;0.282051;0.558333;0.192785;0;0;1;0;0;0.111111;0.116981;0;0;0;0;0;1;0;0.364286;0.457143;0.125;0.0654206;0.265306;0.611111;0.605263;5348
0.6;0;0;1;0;0;0;0;0;0;0;0;0;0;0;0;0;0;0;0;0;0;0;1;0;1;0;0;0;0;1;0;0;1;0;0;1;0.265306;0.262687;0.282051;0.558333;0.214119;0;0;1;0;0;0.111111;0.116981;0;0;0;0;0;1;0;0.364286;0.457143;0.125;0.0654206;0.265306;0.5;0.578947;6338
0.6;0;0;1;0;0;0;0;0;0;0;0;0;0;0;0;0;0;0;0;0;0;0;1;0;1;1;0;0;0;1;0;0;1;0;0;1;0.265306;0.262687;0.282051;0.558333;0.204422;0;0;1;0;0;0.111111;0.116981;0;0;0;0;0;1;0;0.364286;0.457143;0.125;0.0654206;0.265306;0.5;0.578947;6488
0;0;0;1;0;0;0;0;0;0;0;0;0;0;0;0;0;0;0;0;0;0;0;1;0;1;1;0;1;0;0;0;0;1;0;0;1;0.265306;0.426866;0.282051;0.941667;0.307215;0;0;1;0;0;0.111111;0.116981;0;0;0;0;0;1;0;0.364286;0.457143;0.125;0.0654206;0.265306;0.5;0.552632;6918
0;0;0;1;0;0;0;0;0;0;0;0;0;0;0;0;0;0;0;0;0;0;0;1;0;1;1;0;1;0;0;0;1;0;0;0;1;0.265306;0.426866;0.282051;0.941667;0.311094;0;0;1;0;0;0.111111;0.116981;0;0;0;0;0;1;0;0.364286;0.457143;0.125;0.0654206;0.265306;0.388889;0.421053;7898
0;0;0;1;0;0;0;0;0;0;0;0;0;0;0;0;0;0;0;0;0;0;0;1;0;1;1;0;1;0;0;0;1;0;0;0;1;0.265306;0.426866;0.282051;0.941667;0.62917;0;0;1;0;0;0.111111;0.116981;0;0;0;0;0;1;0;0.364286;0.457143;0.125;0.0654206;0.265306;0.388889;0.421053;8778
0;0;0;1;0;0;0;0;0;0;0;0;0;0;0;0;0;0;0;0;0;0;0;1;0;1;1;0;0;1;0;0;0;1;0;0;1;0.265306;0.376119;0.350427;0.433333;0.230023;0;0;1;0;0;0.111111;0.139623;0;0;0;0;0;1;0;0.464286;0.457143;0.125;0.102804;0.265306;0.472222;0.552632;6938
0;0;0;1;0;0;0;0;0;0;0;0;0;0;0;0;0;0;0;0;0;0;0;1;0;1;1;0;0;0;1;0;0;1;0;0;1;0.265306;0.376119;0.350427;0.416667;0.240884;0;0;1;0;0;0.111111;0.139623;0;0;0;0;0;1;0;0.464286;0.457143;0.125;0.102804;0.265306;0.472222;0.552632;7198
0;0;0;1;0;0;0;0;0;0;0;0;0;0;0;0;0;0;0;0;0;0;1;0;0;1;1;0;0;1;0;0;0;1;0;0;1;0.265306;0.376119;0.350427;0.433333;0.305275;0;0;1;0;0;0.111111;0.184906;0;1;0;0;0;0;0;0.521429;0.609524;0.96875;0.0373832;0.142857;0.583333;0.526316;7898
0;0;0;1;0;0;0;0;0;0;0;0;0;0;0;0;0;0;0;0;0;0;1;0;0;1;1;0;0;0;1;0;0;1;0;0;1;0.265306;0.376119;0.350427;0.416667;0.305275;0;0;1;0;0;0.111111;0.184906;0;1;0;0;0;0;0;0.521429;0.609524;0.96875;0.0373832;0.142857;0.694444;0.815789;7788
0;0;0;1;0;0;0;0;0;0;0;0;0;0;0;0;0;0;0;0;0;0;0;1;0;1;1;0;0;1;0;0;0;1;0;0;1;0.265306;0.376119;0.350427;0.433333;0.235066;0;0;1;0;0;0.111111;0.139623;0;0;0;0;0;1;0;0.464286;0.457143;0.125;0.102804;0.265306;0.694444;0.815789;7738
0;0;0;1;0;0;0;0;0;0;0;0;0;0;0;0;0;0;0;0;0;0;0;1;0;1;1;0;0;0;1;0;0;1;0;0;1;0.265306;0.376119;0.350427;0.416667;0.245927;0;0;1;0;0;0.111111;0.139623;0;0;0;0;0;1;0;0.464286;0.457143;0.125;0.102804;0.265306;0.416667;0.473684;8358
0;0;0;1;0;0;0;0;0;0;0;0;0;0;0;0;0;0;0;0;0;0;0;1;0;1;1;0;0;1;0;0;0;1;0;0;1;0.265306;0.376119;0.350427;0.416667;0.252909;0;0;1;0;0;0.111111;0.139623;0;0;0;0;0;1;0;0.464286;0.457143;0.125;0.102804;0.265306;0.416667;0.473684;9258
0.6;0;0;1;0;0;0;0;0;0;0;0;0;0;0;0;0;0;0;0;0;0;0;1;0;1;0;0;0;1;0;0;0;0;1;0;1;0.230321;0.41194;0.316239;0.4;0.264158;0;0;1;0;0;0.111111;0.139623;0;0;0;0;0;1;0;0.464286;0.457143;0.125;0.102804;0.265306;0.444444;0.473684;8058
0.6;0;0;1;0;0;0;0;0;0;0;0;0;0;0;0;0;0;0;0;0;0;0;1;0;1;0;0;0;0;1;0;0;0;1;0;1;0.230321;0.41194;0.316239;0.4;0.277735;0;0;1;0;0;0.111111;0.139623;0;0;0;0;0;1;0;0.464286;0.457143;0.125;0.102804;0.265306;0.444444;0.473684;8238
0.6;0;0;1;0;0;0;0;0;0;0;0;0;0;0;0;0;0;0;0;0;0;0;1;0;1;0;0;0;1;0;0;0;0;1;0;1;0.230321;0.41194;0.316239;0.4;0.301396;0;0;0;0;1;0.111111;0.139623;0;0;0;0;0;0;1;0.5;0.480952;0.15;0.299065;1;0.361111;0.342105;9298
0.6;0;0;1;0;0;0;0;0;0;0;0;0;0;0;0;0;0;0;0;0;0;0;1;0;1;0;0;0;0;1;0;0;0;1;0;1;0.230321;0.41194;0.316239;0.4;0.314973;0;0;0;0;1;0.111111;0.139623;0;0;0;0;0;0;1;0.5;0.480952;0.15;0.299065;1;0.361111;0.342105;9538
0.8;0;0;1;0;0;0;0;0;0;0;0;0;0;0;0;0;0;0;0;0;0;0;1;0;1;0;1;0;0;0;0;0;0;1;0;1;0.344023;0.523881;0.452991;0.35;0.408068;0;0;1;0;0;0.111111;0.320755;0;0;0;0;0;0;1;0.771429;0.680952;0.14375;0.317757;0.265306;0.305556;0.368421;8449
0.8;0;0;1;0;0;0;0;0;0;0;0;0;0;0;0;0;0;0;0;0;0;0;1;0;1;0;1;0;0;0;0;0;0;1;0;1;0.344023;0.523881;0.452991;0.35;0.406517;0;0;1;0;0;0.111111;0.320755;0;0;0;0;0;0;1;0.771429;0.680952;0.14375;0.317757;0.265306;0.305556;0.368421;9639
0.8;0;0;1;0;0;0;0;0;0;0;0;0;0;0;0;0;0;0;0;0;0;0;1;0;1;0;0;0;0;1;0;0;0;1;0;1;0.344023;0.523881;0.452991;0.35;0.412335;0;0;1;0;0;0.111111;0.320755;0;0;0;0;0;0;1;0.771429;0.680952;0.14375;0.317757;0.265306;0.305556;0.368421;9989
0.8;0;0;1;0;0;0;0;0;0;0;0;0;0;0;0;0;0;0;0;0;0;0;1;0;1;0;1;0;0;0;0;0;0;1;0;1;0.344023;0.523881;0.452991;0.35;0.461986;0;0;1;0;0;0.111111;0.320755;0;0;0;0;0;0;1;0.771429;0.680952;0.14375;0.317757;0.265306;0.305556;0.368421;11199
0.8;0;0;1;0;0;0;0;0;0;0;0;0;0;0;0;0;0;0;0;0;0;0;1;0;1;0;0;0;0;1;0;0;0;1;0;1;0.344023;0.523881;0.452991;0.35;0.475562;0;0;1;0;0;0.111111;0.320755;0;0;0;0;0;0;1;0.771429;0.680952;0.14375;0.317757;0.265306;0.305556;0.368421;11549
0.8;0;0;1;0;0;0;0;0;0;0;0;0;0;0;0;0;0;0;0;0;0;0;1;0;1;0;0;0;0;0;1;0;0;1;0;1;0.344023;0.523881;0.452991;0.433333;0.576804;0;0;1;0;0;0.111111;0.320755;0;0;0;0;0;0;1;0.771429;0.680952;0.14375;0.317757;0.265306;0.305556;0.368421;17669
0.2;0;0;1;0;0;0;0;0;0;0;0;0;0;0;0;0;0;0;0;0;0;0;1;0;1;1;0;0;1;0;0;0;1;0;0;1;0.460641;0.514925;0.529915;0.591667;0.325058;0;0;1;0;0;0.111111;0.230189;0;0;0;0;0;0;1;0.55;0.7;0.10625;0.205607;0.0204082;0.444444;0.473684;8948
0.2;0;0;1;0;0;0;0;0;0;0;0;0;0;0;0;0;0;0;0;0;0;1;0;1;0;1;0;0;1;0;0;0;1;0;0;1;0.460641;0.514925;0.529915;0.591667;0.384794;0;0;1;0;0;0.111111;0.184906;0;1;0;0;0;0;0;0.521429;0.609524;0.96875;0.116822;0.142857;0.472222;0.447368;10698
0.2;0;0;1;0;0;0;0;0;0;0;0;0;0;0;0;0;0;0;0;0;0;0;1;0;1;1;0;0;0;1;0;0;1;0;0;1;0.460641;0.514925;0.529915;0.508333;0.359193;0;0;1;0;0;0.111111;0.230189;0;0;0;0;0;0;1;0.55;0.7;0.10625;0.205607;0.0204082;0.388889;0.421053;9988
0.2;0;0;1;0;0;0;0;0;0;0;0;0;0;0;0;0;0;0;0;0;0;0;1;0;1;1;0;0;1;0;0;0;1;0;0;1;0.460641;0.514925;0.529915;0.591667;0.359193;0;0;1;0;0;0.111111;0.230189;0;0;0;0;0;0;1;0.55;0.7;0.10625;0.205607;0.0204082;0.388889;0.421053;10898
0.2;0;0;1;0;0;0;0;0;0;0;0;0;0;0;0;0;0;0;0;0;0;0;1;0;1;1;0;0;0;1;0;0;1;0;0;1;0.460641;0.514925;0.529915;0.508333;0.376261;0;0;1;0;0;0.111111;0.230189;0;0;0;0;0;0;1;0.55;0.7;0.10625;0.205607;0.0204082;0.388889;0.421053;11248
1;0;0;1;0;0;0;0;0;0;0;0;0;0;0;0;0;0;0;0;0;0;0;1;0;1;0;0;0;0;1;0;0;0;1;0;1;0.475219;0.632836;0.632479;0.35;0.577192;0;0;0;0;1;0.333333;0.415094;0;0;0;0;0;0;1;0.521429;0.609524;0.14375;0.528037;0.428571;0.194444;0.210526;16558
1;0;0;1;0;0;0;0;0;0;0;0;0;0;0;0;0;0;0;0;0;0;0;1;0;1;0;0;0;0;1;0;0;0;1;0;1;0.475219;0.632836;0.632479;0.35;0.592708;0;0;0;0;1;0.333333;0.415094;0;0;0;0;0;0;1;0.521429;0.609524;0.14375;0.528037;0.428571;0.166667;0.210526;15998
0.2;0;0;1;0;0;0;0;0;0;0;0;0;0;0;0;0;0;0;0;0;0;0;1;0;1;1;0;0;1;0;0;0;0;1;0;1;0.521866;0.697015;0.529915;0.525;0.637316;0;0;0;0;1;0.333333;0.415094;0;0;0;0;0;0;1;0.521429;0.609524;0.1375;0.504673;0.428571;0.194444;0.210526;15690
0.2;0;0;1;0;0;0;0;0;0;0;0;0;0;0;0;0;0;0;0;0;0;0;1;0;1;1;0;1;0;0;0;0;0;1;0;1;0.521866;0.697015;0.529915;0.525;0.645074;0;0;0;0;1;0.333333;0.377358;0;0;0;0;0;0;1;0.521429;0.609524;0.1375;0.504673;0.428571;0.166667;0.210526;15750
0.8;0;1;0;0;0;0;0;0;0;0;0;0;0;0;0;0;0;0;0;0;0;1;0;0;1;0;0;0;1;0;0;0;1;0;0;1;0.311953;0.456716;0.444444;0.658333;0.299845;0;0;1;0;0;0.111111;0.135849;0;1;0;0;0;0;0;0.335714;0.633333;1;0.0186916;0.265306;0.666667;0.789474;7775
0.8;0;1;0;0;0;0;0;0;0;0;0;0;0;0;0;0;0;0;0;0;0;0;1;0;1;0;0;0;1;0;0;0;1;0;0;1;0.311953;0.456716;0.444444;0.658333;0.279674;0;0;1;0;0;0.111111;0.181132;0;0;0;0;0;0;1;0.464286;0.633333;0.125;0.172897;0.44898;0.388889;0.473684;7975
0.8;0;1;0;0;0;0;0;0;0;0;0;0;0;0;0;0;0;0;0;0;0;1;0;0;1;1;0;0;1;0;0;0;1;0;0;1;0.311953;0.456716;0.444444;0.658333;0.301009;0;0;1;0;0;0.111111;0.135849;0;1;0;0;0;0;0;0.335714;0.633333;1;0.0186916;0.265306;0.666667;0.789474;7995
0.8;0;1;0;0;0;0;0;0;0;0;0;0;0;0;0;0;0;0;0;0;0;0;1;0;1;1;0;0;1;0;0;0;1;0;0;1;0.311953;0.456716;0.444444;0.658333;0.280838;0;0;1;0;0;0.111111;0.181132;0;0;0;0;0;0;1;0.464286;0.633333;0.125;0.172897;0.44898;0.388889;0.473684;8195
0.8;0;1;0;0;0;0;0;0;0;0;0;0;0;0;0;0;0;0;0;0;0;0;1;0;1;1;0;0;1;0;0;0;1;0;0;1;0.311953;0.456716;0.444444;0.658333;0.305275;0;0;1;0;0;0.111111;0.181132;0;0;0;0;0;0;1;0.464286;0.633333;0.125;0.172897;0.44898;0.388889;0.473684;8495
0.8;0;1;0;0;0;0;0;0;0;0;0;0;0;0;0;0;0;0;0;0;0;1;0;1;0;1;0;0;1;0;0;0;1;0;0;1;0.311953;0.456716;0.444444;0.658333;0.322343;0;0;1;0;0;0.111111;0.135849;0;1;0;0;0;0;0;0.335714;0.633333;1;0.0934579;0.142857;0.666667;0.684211;9495
0.8;0;1;0;0;0;0;0;0;0;0;0;0;0;0;0;0;0;0;0;0;0;0;1;0;1;1;0;0;1;0;0;0;1;0;0;1;0.311953;0.456716;0.444444;0.658333;0.314973;0;0;1;0;0;0.111111;0.181132;0;0;0;0;0;0;1;0.464286;0.633333;0.1875;0.242991;0.55102;0.361111;0.421053;9995
1;0;1;0;0;0;0;0;0;0;0;0;0;0;0;0;0;0;0;0;0;0;0;1;0;1;0;0;0;0;0;1;0;1;0;0;1;0.230321;0.271642;0.333333;0.65;0.29713;0;0;1;0;0;0.111111;0.181132;0;0;0;0;0;0;1;0.464286;0.633333;0.09375;0.196262;0.55102;0.305556;0.342105;11595
1;0;1;0;0;0;0;0;0;0;0;0;0;0;0;0;0;0;0;0;0;0;0;1;0;1;0;0;0;0;1;0;0;1;0;0;1;0.230321;0.367164;0.316239;0.3;0.284329;0;0;1;0;0;0.111111;0.181132;0;0;0;0;0;0;1;0.464286;0.633333;0.09375;0.196262;0.55102;0.305556;0.342105;9980
0;0;1;0;0;0;0;0;0;0;0;0;0;0;0;0;0;0;0;0;0;0;0;1;0;1;1;0;0;1;0;0;0;1;0;0;1;0.402332;0.583582;0.564103;0.608333;0.455004;0;0;1;0;0;0.222222;0.283019;0;0;0;0;0;0;1;0.464286;0.633333;0.09375;0.28972;0.55102;0.166667;0.210526;13295
0;0;1;0;0;0;0;0;0;0;0;0;0;0;0;0;0;0;0;0;0;0;1;0;1;0;1;0;0;1;0;0;0;1;0;0;1;0.402332;0.583582;0.564103;0.608333;0.423196;0;0;1;0;0;0.111111;0.135849;0;1;0;0;0;0;0;0.335714;0.633333;1;0.0934579;0.142857;0.555556;0.578947;13845
0;0;1;0;0;0;0;0;0;0;0;0;0;0;0;0;0;0;0;0;0;0;0;1;0;1;1;0;1;0;0;0;0;1;0;0;1;0.402332;0.626866;0.564103;0.608333;0.41699;0;0;1;0;0;0.111111;0.181132;0;0;0;0;0;0;1;0.464286;0.633333;0.125;0.186916;0.55102;0.333333;0.394737;12290
0;1;0;0;0;0;0;0;0;0;0;0;0;0;0;0;0;0;0;0;0;0;0;1;0;1;1;0;0;1;0;0;0;0;1;0;1;0.516035;0.71194;0.589744;0.7;0.552366;0;0;1;0;0;0.111111;0.301887;0;0;0;0;0;0;1;0.885714;0.514286;0.15625;0.308411;0.510204;0.277778;0.315789;12940
0.2;1;0;0;0;0;0;0;0;0;0;0;0;0;0;0;0;0;0;0;0;0;0;1;0;1;1;0;1;0;0;0;0;0;1;0;1;0.516035;0.71194;0.589744;0.808333;0.59969;0;0;1;0;0;0.111111;0.301887;0;0;0;0;0;0;1;0.885714;0.514286;0.15625;0.308411;0.510204;0.277778;0.315789;13415
0;1;0;0;0;0;0;0;0;0;0;0;0;0;0;0;0;0;0;0;0;0;0;1;0;1;1;0;0;1;0;0;0;0;1;0;1;0.516035;0.71194;0.589744;0.7;0.561288;0;0;1;0;0;0.111111;0.301887;0;0;0;0;0;0;1;0.885714;0.514286;0.15625;0.308411;0.510204;0.305556;0.315789;15985
0.2;1;0;0;0;0;0;0;0;0;0;0;0;0;0;0;0;0;0;0;0;0;0;1;0;1;1;0;1;0;0;0;0;0;1;0;1;0.516035;0.71194;0.589744;0.808333;0.602793;0;0;1;0;0;0.111111;0.301887;0;0;0;0;0;0;1;0.885714;0.514286;0.15625;0.308411;0.510204;0.305556;0.315789;16515
0;1;0;0;0;0;0;0;0;0;0;0;0;0;0;0;0;0;0;0;0;0;0;1;1;0;1;0;0;1;0;0;0;0;1;0;1;0.516035;0.71194;0.589744;0.7;0.603957;0;0;1;0;0;0.111111;0.260377;0;0;0;0;0;0;1;0.771429;0.514286;0.03125;0.53271;0.387755;0.111111;0.157895;18420
0.2;1;0;0;0;0;0;0;0;0;0;0;0;0;0;0;0;0;0;0;0;0;0;1;1;0;1;0;1;0;0;0;0;0;1;0;1;0.516035;0.71194;0.589744;0.808333;0.647401;0;0;1;0;0;0.111111;0.260377;0;0;0;0;0;0;1;0.771429;0.514286;0.03125;0.53271;0.387755;0.111111;0.157895;18950
0.2;1;0;0;0;0;0;0;0;0;0;0;0;0;0;0;0;0;0;0;0;0;0;1;0;1;1;0;0;1;0;0;0;0;1;0;1;0.655977;0.71194;0.735043;0.641667;0.567882;0;0;1;0;0;0.111111;0.301887;0;0;0;0;0;0;1;0.885714;0.514286;0.15625;0.308411;0.510204;0.277778;0.315789;16845
0.2;1;0;0;0;0;0;0;0;0;0;0;0;0;0;0;0;0;0;0;0;0;0;1;1;0;1;0;0;1;0;0;0;0;1;0;1;0.655977;0.71194;0.726496;0.641667;0.605508;0;0;1;0;0;0.111111;0.301887;0;0;0;0;0;0;1;0.885714;0.514286;0.10625;0.523364;0.469388;0.166667;0.236842;19045
0.2;1;0;0;0;0;0;0;0;0;0;0;0;0;0;0;0;0;0;0;0;0;0;1;0;1;1;0;0;1;0;0;0;0;1;0;1;0.655977;0.71194;0.735043;0.641667;0.591156;0;0;0;1;0;0.333333;0.422642;0;0;0;0;0;0;1;0.742857;0.380952;0.1125;0.401869;0.55102;0.138889;0.184211;21485
0.2;1;0;0;0;0;0;0;0;0;0;0;0;0;0;0;0;0;0;0;0;0;1;0;1;0;1;0;0;1;0;0;0;0;1;0;1;0.655977;0.71194;0.735043;0.641667;0.670675;0;0;1;0;0;0.333333;0.316981;0;1;0;0;0;0;0;0.335714;0.633333;1;0.271028;0.265306;0.361111;0.289474;22470
0.2;1;0;0;0;0;0;0;0;0;0;0;0;0;0;0;0;0;0;0;0;0;0;1;1;0;1;0;0;1;0;0;0;0;1;0;1;0.655977;0.71194;0.735043;0.641667;0.610551;0;0;1;0;0;0.111111;0.301887;0;0;0;0;0;0;1;0.885714;0.514286;0.15625;0.308411;0.510204;0.166667;0.236842;22625
