Id,Label,timeset,Degree,Eccentricity,closnesscentrality,harmonicclosnesscentrality,betweenesscentrality,clustering,triangles
0,0,,80,4,0.407423,0.455289,132573.303563,0.009494,30
1,1,,56,5,0.362482,0.404638,65062.48681,0.004545,7
2,2,,33,5,0.354633,0.388739,34692.858281,0.020833,11
3,3,,72,5,0.380427,0.428212,94297.924473,0.006651,17
5,5,,24,5,0.325938,0.355122,18618.051279,0.014493,4
6,6,,17,5,0.328727,0.355606,17112.62137,0.022059,3
7,7,,14,5,0.310924,0.334318,11286.565882,0,0
8,8,,16,5,0.311118,0.335385,11804.64314,0.016667,2
9,9,,52,5,0.3658,0.406557,67858.164971,0.00905,12
10,10,,27,5,0.321739,0.350484,23127.444278,0.002849,1
12,12,,35,5,0.339565,0.37364,35199.098026,0.010084,6
13,13,,9,5,0.321636,0.344144,6418.405774,0.027778,1
16,16,,39,5,0.347116,0.3833,42575.447493,0.006748,5
17,17,,12,5,0.319885,0.344044,11301.788553,0.030303,2
19,19,,18,5,0.320603,0.348031,10428.92479,0.039216,6
21,21,,5,5,0.305879,0.325359,2560.389595,0.1,1
27,27,,7,5,0.306348,0.326944,4259.579639,0.047619,1
54,54,,5,5,0.298476,0.316884,2510.053354,0,0
55,55,,5,5,0.296176,0.313597,1777.295475,0,0
70,70,,5,5,0.295126,0.31358,1842.253035,0,0
75,75,,8,5,0.309097,0.328729,3820.556177,0.035714,1
82,82,,8,5,0.302544,0.322923,6035.618845,0,0
89,89,,2,5,0.29741,0.313814,0,1,1
94,94,,6,5,0.298209,0.315966,4050.221797,0.066667,1
95,95,,7,5,0.303279,0.32289,3938.784911,0.047619,1
108,108,,4,5,0.307953,0.326026,1320.151633,0.166667,1
114,114,,4,5,0.298298,0.315899,1485.057589,0.166667,1
118,118,,9,5,0.300542,0.320554,6321.373228,0.027778,1
134,134,,8,5,0.297587,0.317217,4495.273262,0,0
141,141,,5,5,0.297587,0.315766,2869.436504,0,0
142,142,,6,5,0.292191,0.309877,2824.665732,0,0
162,162,,8,5,0.29982,0.318669,3969.787246,0,0
191,191,,8,5,0.309097,0.329263,4751.559133,0.071429,2
192,192,,3,5,0.3,0.317251,610.538295,0.333333,1
198,198,,6,5,0.297145,0.315866,3733.051244,0,0
201,201,,7,5,0.307858,0.328178,3033.70592,0.047619,1
203,203,,3,5,0.301904,0.318902,1286.289668,0,0
214,214,,2,5,0.292105,0.307591,435.67815,0,0
227,227,,3,5,0.29322,0.30971,525.717817,0.333333,1
240,240,,6,5,0.308714,0.327945,2138.373356,0.066667,1
242,242,,2,5,0.293048,0.309042,0,1,1
244,244,,3,5,0.297676,0.314181,1856.776411,0,0
246,246,,4,5,0.296439,0.31383,2012.745536,0,0
251,251,,12,5,0.301357,0.321822,7058.022729,0,0
290,290,,4,5,0.295737,0.312346,1266.027199,0,0
298,298,,2,5,0.29279,0.308775,743.274826,0,0
307,307,,4,5,0.291935,0.308692,1670.915049,0,0
320,320,,3,5,0.291849,0.307858,1088.903626,0,0
356,356,,3,5,0.302361,0.319503,1512.39427,0,0
358,358,,2,5,0.291764,0.307257,213.245735,0,0
376,376,,6,5,0.296088,0.313413,2492.363523,0,0
377,377,,4,5,0.296088,0.312913,2186.542297,0,0
401,401,,3,5,0.297587,0.314848,1821.32748,0,0
405,405,,5,5,0.29279,0.309893,4040.077195,0,0
428,428,,2,5,0.291849,0.307541,429.338195,0,0
457,457,,2,5,0.290323,0.305639,210.877096,0,0
461,461,,3,5,0.29443,0.310878,1632.451809,0,0
536,536,,4,5,0.291339,0.307658,1165.858248,0.166667,1
563,563,,6,5,0.293565,0.311345,3734.551802,0,0
574,574,,2,5,0.291509,0.306924,95.526513,0,0
585,585,,3,5,0.293651,0.309776,545.033239,0,0
595,595,,2,5,0.292447,0.307608,85.339563,0,0
613,613,,3,5,0.290407,0.306256,386.913067,0,0
655,655,,2,5,0.291509,0.306924,95.526513,0,0
670,670,,2,5,0.295475,0.311778,308.69493,0,0
689,689,,2,5,0.291764,0.307257,213.245735,0,0
715,715,,2,5,0.289985,0.305339,0,1,1
748,748,,4,5,0.300994,0.318685,1621.460102,0.166667,1
752,752,,2,5,0.291169,0.306657,458.606946,0,0
807,807,,2,5,0.290407,0.305889,310.977252,0,0
809,809,,2,5,0.290407,0.305689,205.814361,0,0
816,816,,2,5,0.290238,0.305622,275.399407,0,0
842,842,,2,5,0.291169,0.306456,456.244602,0,0
856,856,,2,5,0.291849,0.30709,370.478852,0,0
860,860,,2,5,0.293048,0.309042,0,1,1
918,918,,2,5,0.290914,0.30629,232.95548,0,0
939,939,,2,5,0.290745,0.306173,542.016076,0,0
952,952,,2,5,0.293048,0.308742,408.771204,0,0
969,969,,2,5,0.290914,0.306206,412.555153,0,0
974,974,,2,5,0.29741,0.313814,0,1,1
982,982,,2,5,0.289817,0.305205,105.112811,0,0
11,11,,36,5,0.34271,0.37621,36171.450136,0.006349,4
15,15,,3,5,0.299371,0.318001,653.786565,0.333333,1
18,18,,5,5,0.301448,0.321388,2850.124957,0,0
26,26,,5,6,0.277809,0.295562,2419.90918,0,0
34,34,,3,6,0.271689,0.287988,1120.83628,0,0
40,40,,8,6,0.282044,0.302219,4868.744361,0,0
44,44,,2,6,0.273849,0.289356,292.100293,0,0
51,51,,4,6,0.275358,0.292342,1429.959603,0,0
62,62,,12,5,0.283565,0.306256,7224.960788,0,0
66,66,,8,6,0.284615,0.30382,3905.927773,0,0
72,72,,4,5,0.30009,0.319453,2909.510541,0,0
86,86,,7,6,0.288645,0.308675,3836.762755,0,0
115,115,,2,6,0.266756,0.281481,153.604519,0,0
124,124,,7,5,0.284049,0.302202,2832.257453,0,0
151,151,,4,6,0.275055,0.291141,1242.148544,0,0
165,165,,5,5,0.274904,0.292392,2630.764854,0,0
185,185,,4,5,0.276808,0.293043,1415.609592,0,0
193,193,,9,6,0.273175,0.29331,4132.020365,0,0
206,206,,5,5,0.296527,0.315132,2934.32566,0,0
224,224,,5,6,0.286657,0.305138,2870.608684,0.1,1
237,237,,6,6,0.281885,0.299967,3036.265867,0,0
243,243,,3,6,0.274149,0.291508,1262.74634,0,0
247,247,,2,6,0.274526,0.289706,445.121042,0,0
265,265,,4,6,0.276119,0.294278,2039.754595,0,0
270,270,,3,6,0.275207,0.290724,388.219627,0,0
282,282,,2,6,0.269417,0.284551,211.428064,0,0
304,304,,2,6,0.268188,0.283183,229.049943,0,0
323,323,,2,6,0.269272,0.284418,155.742888,0,0
339,339,,6,6,0.271763,0.289122,1407.96143,0.066667,1
345,345,,3,6,0.271026,0.287487,851.161075,0,0
349,349,,5,6,0.271689,0.288972,1455.387406,0,0
360,360,,2,5,0.298833,0.31695,393.887339,0,0
361,361,,2,6,0.270365,0.285085,217.263633,0,0
363,363,,3,6,0.270146,0.285636,251.478075,0.333333,1
390,390,,2,6,0.267828,0.282916,464.120708,0,0
394,394,,4,6,0.276349,0.292926,1627.346504,0,0
415,415,,3,5,0.272653,0.287838,862.827225,0,0
425,425,,3,6,0.274601,0.291208,636.023863,0,0
438,438,,2,5,0.292704,0.309776,390.19717,0,0
460,460,,2,6,0.277809,0.294011,846.504469,0,0
494,494,,5,6,0.270732,0.287521,2661.463531,0,0
564,564,,2,6,0.276808,0.293293,452.463437,0,0
672,672,,2,6,0.277038,0.293327,306.373116,0,0
757,757,,2,6,0.26826,0.2832,334.927455,0,0
770,770,,2,6,0.268188,0.283116,304.79301,0,0
817,817,,3,6,0.268693,0.284468,834.884176,0,0
870,870,,2,6,0.269055,0.284618,268.550974,0,0
902,902,,2,6,0.267398,0.282132,377.090639,0,0
925,925,,3,6,0.275586,0.291225,650.311659,0,0
992,992,,2,6,0.267757,0.282633,289.986778,0,0
4,4,,22,5,0.311409,0.340741,17411.652501,0.008658,2
31,31,,10,6,0.280146,0.299366,3632.823032,0,0
60,60,,8,6,0.274752,0.292926,2858.739124,0,0
103,103,,4,5,0.286986,0.302169,1694.588858,0,0
132,132,,3,6,0.273474,0.289439,1094.522597,0,0
159,159,,12,6,0.283485,0.303787,6502.560874,0,0
287,287,,3,6,0.269781,0.283116,677.6824,0,0
294,294,,3,6,0.26826,0.282499,960.467647,0,0
306,306,,2,6,0.27,0.283267,321.585079,0,0
328,328,,2,5,0.29066,0.307758,0,1,1
332,332,,3,6,0.266187,0.279713,456.532158,0,0
371,371,,2,6,0.264706,0.277978,389.683162,0,0
386,386,,3,6,0.268548,0.283066,435.279612,0.333333,1
387,387,,2,6,0.263449,0.277044,163.3321,0,0
402,402,,5,6,0.271394,0.286153,1513.785013,0,0
476,476,,6,5,0.272653,0.287855,2639.2778,0,0
495,495,,2,6,0.263797,0.27671,358.406822,0,0
580,580,,3,6,0.264216,0.278061,1076.482206,0,0
673,673,,3,6,0.265833,0.280264,1253.275304,0,0
691,691,,2,5,0.284372,0.298348,200.943783,0,0
718,718,,2,6,0.263033,0.276026,202.136738,0,0
787,787,,2,6,0.269127,0.283851,180.327891,0,0
879,879,,2,6,0.264846,0.278095,156.938985,0,0
936,936,,2,6,0.264216,0.277127,589.917347,0,0
23,23,,12,5,0.305131,0.329363,8272.75077,0,0
28,28,,21,5,0.309001,0.337087,16012.575785,0,0
29,29,,14,5,0.310731,0.335652,10748.29417,0.010989,1
33,33,,2,5,0.292619,0.30981,445.671715,0,0
46,46,,8,6,0.29991,0.322339,5531.274332,0.035714,1
48,48,,17,5,0.303371,0.328979,9032.864758,0.022059,3
64,64,,5,5,0.284534,0.303103,2629.442296,0,0
69,69,,2,6,0.278273,0.295245,265.636267,0,0
87,87,,4,5,0.286001,0.30342,1819.357353,0,0
91,91,,5,5,0.286986,0.305372,940.529151,0,0
97,97,,2,6,0.284453,0.301919,859.29886,0,0
98,98,,11,5,0.291509,0.313297,6983.680969,0.018182,1
99,99,,4,5,0.297145,0.315115,1230.952609,0,0
100,100,,7,6,0.287482,0.306039,2759.354493,0,0
109,109,,7,5,0.291084,0.309726,2153.030772,0,0
111,111,,9,6,0.290576,0.311345,4324.14658,0.027778,1
112,112,,10,6,0.283565,0.30367,4500.928685,0,0
119,119,,3,5,0.280303,0.297231,587.19266,0.333333,1
133,133,,8,6,0.286328,0.306323,4088.193153,0,0
146,146,,5,6,0.283968,0.302269,2301.316984,0,0
150,150,,8,6,0.290745,0.31016,3320.380883,0,0
160,160,,3,5,0.294083,0.312062,1028.93571,0,0
169,169,,5,6,0.282523,0.301518,1606.930013,0.1,1
183,183,,4,6,0.282124,0.298966,1662.457403,0.166667,1
208,208,,4,6,0.283244,0.3003,994.024704,0.166667,1
221,221,,2,6,0.279441,0.296313,723.490137,0,0
229,229,,6,5,0.290745,0.309443,2819.875199,0,0
231,231,,4,5,0.285837,0.302686,1120.321092,0,0
252,252,,3,6,0.293306,0.312629,1035.189241,0.333333,1
259,259,,2,6,0.282763,0.298615,379.300111,0,0
284,284,,4,6,0.281726,0.298932,1540.798137,0,0
293,293,,2,6,0.280618,0.297464,0,1,1
295,295,,6,6,0.287069,0.305439,3569.578251,0,0
316,316,,4,5,0.284372,0.301718,1682.645486,0,0
321,321,,6,6,0.284615,0.303453,2125.293557,0.066667,1
331,331,,2,6,0.276349,0.292342,0,1,1
353,353,,8,5,0.289062,0.307791,3662.134426,0,0
367,367,,2,6,0.280382,0.296496,230.56879,0,0
411,411,,3,5,0.278506,0.295829,1116.292886,0,0
418,418,,2,6,0.284453,0.301919,859.29886,0,0
432,432,,6,5,0.283404,0.302419,2952.07626,0,0
479,479,,2,6,0.277038,0.293277,275.971277,0,0
507,507,,2,6,0.278583,0.294811,342.137069,0,0
545,545,,2,6,0.275814,0.291708,106.105808,0,0
550,550,,2,5,0.292619,0.30981,445.671715,0,0
567,567,,2,5,0.277809,0.294178,571.892221,0,0
573,573,,2,6,0.278817,0.295279,552.615318,0,0
608,608,,3,6,0.277346,0.294344,714.915035,0,0
638,638,,2,5,0.276885,0.29301,150.226557,0,0
734,734,,2,6,0.276502,0.292526,102.389828,0,0
737,737,,2,5,0.277809,0.294178,571.892221,0,0
779,779,,3,6,0.276961,0.293577,301.46891,0,0
835,835,,2,6,0.277269,0.29326,400.409789,0,0
865,865,,2,6,0.285266,0.302553,747.284759,0,0
866,866,,2,6,0.278817,0.295212,205.900313,0,0
895,895,,2,6,0.276578,0.292809,319.97366,0,0
913,913,,2,6,0.278583,0.294945,367.353935,0,0
942,942,,2,5,0.277731,0.293544,160.367808,0,0
960,960,,2,6,0.285755,0.302803,303.879145,0,0
980,980,,2,6,0.277115,0.293143,529.621967,0,0
984,984,,2,6,0.276731,0.292776,379.067827,0,0
25,25,,6,6,0.264216,0.281114,2182.1785,0,0
130,130,,5,6,0.254005,0.268218,806.168539,0,0
157,157,,6,6,0.261861,0.278462,1609.449151,0,0
166,166,,3,6,0.240144,0.252936,612.426676,0,0
171,171,,6,6,0.253425,0.269102,1596.180767,0,0
308,308,,4,6,0.271615,0.286053,963.979071,0,0
341,341,,5,6,0.254198,0.268118,1211.809452,0,0
435,435,,3,6,0.245575,0.258725,411.791252,0,0
437,437,,2,6,0.247338,0.261011,145.198471,0,0
456,456,,4,6,0.245093,0.258792,673.657637,0,0
483,483,,2,6,0.239856,0.252269,225.201539,0,0
530,530,,4,6,0.243243,0.257341,921.088965,0,0
666,666,,2,6,0.251447,0.26363,47.513501,0,0
792,792,,2,6,0.238596,0.250934,66.6562,0,0
976,976,,2,6,0.238197,0.25035,195.561443,0,0
985,985,,3,6,0.247584,0.261245,832.482562,0,0
14,14,,23,5,0.296615,0.32299,13482.784756,0.003953,1
63,63,,11,6,0.28125,0.301418,4138.352701,0.018182,1
140,140,,5,6,0.254005,0.268085,1680.718986,0,0
218,218,,3,6,0.249875,0.262896,151.244303,0,0
258,258,,4,6,0.275131,0.291642,1761.918439,0,0
283,283,,4,6,0.252719,0.2663,1528.035843,0,0
299,299,,2,6,0.256812,0.269069,107.788672,0,0
340,340,,4,6,0.260495,0.275108,1213.153581,0,0
357,357,,2,6,0.257806,0.270137,100.085686,0,0
369,369,,2,6,0.254652,0.266667,80.667648,0,0
381,381,,4,6,0.264706,0.280831,847.812775,0.166667,1
393,393,,3,6,0.250816,0.264114,179.289459,0,0
436,436,,3,6,0.255957,0.269937,520.322324,0,0
442,442,,3,6,0.262826,0.27696,895.895013,0,0
676,676,,2,6,0.246363,0.258075,23.19808,0,0
682,682,,2,6,0.249127,0.261295,129.198145,0,0
697,697,,2,6,0.250188,0.262045,91.050978,0,0
826,826,,2,6,0.255107,0.268085,119.993727,0,0
923,923,,2,6,0.25814,0.271255,141.592241,0,0
39,39,,18,5,0.300904,0.325659,10792.528723,0.019608,3
144,144,,12,6,0.271394,0.290123,5482.686431,0.015152,1
253,253,,7,6,0.26548,0.280447,2291.639729,0,0
305,305,,3,6,0.248817,0.260928,689.166245,0,0
370,370,,4,6,0.264566,0.278095,1023.173874,0,0
375,375,,3,6,0.257673,0.270454,1234.112752,0,0
395,395,,2,6,0.253875,0.266283,81.070431,0,0
453,453,,2,6,0.250439,0.261962,36.517381,0,0
723,723,,3,6,0.274225,0.289173,979.49817,0,0
750,750,,2,6,0.24975,0.261361,217.853509,0,0
38,38,,6,6,0.271173,0.288038,3122.620083,0,0
74,74,,13,6,0.272281,0.292092,5648.007787,0.012821,1
129,129,,13,6,0.26548,0.284451,4162.96556,0,0
264,264,,2,6,0.245938,0.257074,146.618342,0,0
317,317,,4,6,0.244733,0.256857,580.104193,0,0
319,319,,2,6,0.242006,0.252636,92.497221,0,0
392,392,,3,6,0.247338,0.258959,790.870136,0,0
537,537,,4,6,0.24826,0.261495,1056.882745,0,0
827,827,,2,6,0.240955,0.251902,209.94766,0,0
869,869,,2,6,0.243421,0.254338,162.460825,0,0
22,22,,4,6,0.277731,0.294278,1860.757835,0,0
68,68,,5,6,0.246484,0.26036,1253.472887,0,0
79,79,,5,6,0.263588,0.277744,1972.539227,0,0
92,92,,5,6,0.259077,0.274508,1434.019087,0,0
101,101,,11,6,0.265198,0.283884,4066.271509,0,0
596,596,,2,6,0.242358,0.253287,129.370121,0,0
647,647,,3,6,0.241713,0.253103,449.345546,0,0
759,759,,2,6,0.239396,0.249733,18.072428,0,0
853,853,,2,6,0.249003,0.261311,253.033472,0,0
855,855,,2,6,0.245394,0.256807,140.049093,0,0
924,924,,2,6,0.239626,0.250033,112.494441,0,0
966,966,,2,6,0.242006,0.252486,42.02987,0,0
20,20,,10,5,0.296088,0.316183,4829.737985,0.022222,1
36,36,,9,5,0.29066,0.310894,5003.880677,0.027778,1
41,41,,8,5,0.284453,0.302302,3263.529789,0,0
47,47,,7,5,0.288645,0.307691,3058.985132,0.047619,1
73,73,,8,6,0.280382,0.298966,3888.894539,0,0
84,84,,3,6,0.2731,0.289206,617.352486,0.333333,1
90,90,,5,6,0.276119,0.292843,1774.953902,0,0
102,102,,8,6,0.288562,0.307007,3255.327359,0,0
131,131,,4,6,0.277963,0.294378,1602.163909,0,0
136,136,,4,6,0.276272,0.292359,2324.953772,0,0
154,154,,2,6,0.270732,0.285085,186.572618,0,0
168,168,,10,5,0.278972,0.299066,5066.05783,0,0
200,200,,7,6,0.277038,0.294728,3062.512061,0.047619,1
210,210,,3,6,0.2743,0.289156,993.807299,0,0
211,211,,6,6,0.278817,0.29658,3535.195341,0,0
245,245,,4,6,0.274375,0.29049,2416.342379,0,0
266,266,,6,6,0.275891,0.293994,2653.834643,0.066667,1
276,276,,9,6,0.277269,0.29653,5004.877539,0,0
280,280,,2,6,0.272802,0.287855,318.741247,0,0
303,303,,4,6,0.270292,0.286036,1792.624392,0,0
389,389,,3,6,0.270658,0.285969,1291.994079,0,0
468,468,,3,6,0.273924,0.289106,1043.70371,0,0
484,484,,2,6,0.270073,0.285018,704.293831,0,0
531,531,,3,6,0.271911,0.286987,775.747742,0,0
551,551,,2,6,0.274526,0.289473,196.197355,0,0
553,553,,3,6,0.274149,0.289473,274.470097,0,0
566,566,,3,6,0.271099,0.286286,978.943284,0,0
590,590,,2,6,0.274526,0.289389,275.006931,0,0
642,642,,2,5,0.285837,0.301785,347.524881,0,0
674,674,,2,6,0.271911,0.285969,160.957211,0,0
712,712,,2,6,0.2692,0.2836,140.644002,0,0
733,733,,2,6,0.270658,0.285002,81.894171,0,0
756,756,,3,6,0.270439,0.285369,1638.273548,0,0
772,772,,2,6,0.278661,0.294745,517.747962,0,0
831,831,,2,6,0.268693,0.283116,326.757618,0,0
882,882,,2,6,0.278118,0.292976,306.6299,0,0
961,961,,2,6,0.26891,0.283483,873.140585,0,0
995,995,,2,6,0.272059,0.286453,0,1,1
58,58,,3,6,0.274526,0.289706,1331.79229,0,0
65,65,,5,5,0.286575,0.305639,3967.724865,0,0
135,135,,10,6,0.265057,0.28305,4167.116194,0,0
202,202,,5,6,0.267255,0.282966,1553.58522,0,0
204,204,,5,6,0.251131,0.265232,1565.556501,0,0
230,230,,5,6,0.250879,0.265382,1132.503351,0,0
236,236,,3,6,0.265339,0.278896,432.943505,0,0
271,271,,5,6,0.259211,0.274341,1475.925775,0,0
273,273,,5,6,0.249875,0.263997,1595.412849,0,0
454,454,,5,6,0.254134,0.268869,2198.346423,0,0
462,462,,4,6,0.248941,0.262596,800.926567,0,0
463,463,,3,6,0.258407,0.272689,450.031341,0,0
475,475,,3,6,0.262274,0.276627,752.655773,0,0
501,501,,3,6,0.247338,0.259726,293.455157,0,0
568,568,,3,6,0.264356,0.277578,990.898119,0,0
623,623,,2,6,0.244613,0.25619,514.182374,0,0
719,719,,2,6,0.245877,0.257758,219.190542,0,0
769,769,,3,6,0.251068,0.263881,314.997065,0,0
844,844,,3,6,0.256088,0.269786,669.210245,0,0
848,848,,2,6,0.249189,0.261328,174.743459,0,0
917,917,,2,6,0.244374,0.256006,128.735312,0,0
930,930,,2,6,0.245455,0.257291,307.182849,0,0
32,32,,16,5,0.298833,0.32329,10400.689568,0.016667,2
37,37,,13,5,0.293737,0.315849,7360.015357,0,0
43,43,,5,5,0.283887,0.300968,1633.831706,0.1,1
49,49,,16,5,0.290576,0.314331,9584.713784,0,0
57,57,,7,5,0.282124,0.299483,2818.108597,0,0
83,83,,5,6,0.268044,0.285068,2028.919147,0,0
85,85,,3,6,0.273474,0.288038,973.255837,0,0
88,88,,5,6,0.269417,0.28622,1518.455592,0,0
128,128,,3,6,0.281726,0.297314,555.527393,0,0
155,155,,7,6,0.267542,0.284134,2449.454733,0,0
170,170,,9,5,0.277654,0.295028,3591.513857,0,0
180,180,,5,5,0.271837,0.288071,2507.44362,0,0
232,232,,2,6,0.259481,0.272322,344.907745,0,0
238,238,,5,6,0.263658,0.278161,1487.409976,0,0
300,300,,5,6,0.260021,0.275108,2197.827937,0,0
311,311,,4,6,0.269345,0.284067,577.654903,0.166667,1
410,410,,4,6,0.262342,0.277561,2093.279258,0,0
505,505,,4,6,0.264286,0.280564,1413.691777,0,0
534,534,,2,6,0.260292,0.272923,125.209853,0,0
656,656,,2,6,0.264987,0.277678,124.165565,0,0
745,745,,3,6,0.263102,0.277628,701.507436,0,0
786,786,,2,6,0.256549,0.269386,283.246849,0,0
808,808,,2,6,0.261518,0.275142,360.624388,0,0
840,840,,2,6,0.265409,0.279146,476.286532,0,0
24,24,,19,5,0.30729,0.334218,13807.781467,0.005848,1
52,52,,5,6,0.265621,0.282032,1580.707772,0,0
80,80,,11,6,0.268837,0.28964,4610.874562,0.018182,1
93,93,,15,5,0.283404,0.306306,9694.708795,0,0
110,110,,9,6,0.281329,0.301502,4612.055098,0,0
121,121,,3,6,0.255695,0.269403,703.933272,0,0
205,205,,8,6,0.26331,0.281365,3041.13026,0,0
234,234,,4,6,0.268693,0.285369,1555.715644,0,0
343,343,,4,6,0.262274,0.276827,1197.88859,0,0
384,384,,2,6,0.255891,0.268836,188.390357,0,0
427,427,,2,6,0.26248,0.276693,0,1,1
429,429,,2,6,0.257806,0.271738,231.865999,0,0
439,439,,4,6,0.275738,0.292809,1653.312027,0,0
445,445,,3,6,0.264426,0.277945,282.684038,0,0
493,493,,5,6,0.262964,0.278362,1877.221441,0,0
503,503,,2,6,0.264776,0.278111,402.020032,0,0
554,554,,2,6,0.264706,0.278145,158.628568,0,0
602,602,,2,6,0.265339,0.280647,311.646927,0,0
652,652,,2,6,0.255172,0.268151,229.008335,0,0
722,722,,2,6,0.26248,0.275742,139.694465,0,0
774,774,,3,6,0.265691,0.281648,1084.555982,0,0
104,104,,6,6,0.263033,0.277477,1471.361648,0,0
187,187,,3,6,0.252528,0.265048,95.390182,0,0
235,235,,6,6,0.254847,0.268318,1174.117234,0,0
56,56,,11,6,0.249438,0.267351,3298.700003,0,0
67,67,,6,6,0.243125,0.258025,1869.971989,0,0
127,127,,3,6,0.242476,0.255172,534.746901,0,0
156,156,,3,6,0.242182,0.254605,263.952168,0,0
164,164,,4,6,0.258073,0.272706,1268.410344,0,0
254,254,,2,6,0.240723,0.253303,355.309821,0,0
378,378,,2,6,0.245575,0.257474,79.434868,0,0
473,473,,3,6,0.243659,0.256273,568.225776,0,0
485,485,,2,6,0.243777,0.255856,106.090808,0,0
499,499,,3,6,0.235836,0.248599,288.203495,0,0
622,622,,3,6,0.247952,0.261044,381.336882,0,0
643,643,,3,6,0.244016,0.257875,570.540709,0,0
760,760,,2,6,0.231733,0.243043,141.641377,0,0
858,858,,2,6,0.23125,0.242576,77.273138,0,0
890,890,,2,6,0.246059,0.258375,102.629019,0,0
30,30,,3,6,0.271763,0.286036,518.847574,0,0
35,35,,25,6,0.29279,0.321288,15091.550091,0,0
71,71,,5,6,0.27243,0.289523,1665.848785,0,0
126,126,,12,5,0.276961,0.297898,5868.601213,0.030303,2
158,158,,5,6,0.269345,0.285536,1688.784887,0,0
194,194,,7,6,0.267542,0.285169,1903.059698,0.047619,1
209,209,,3,6,0.259413,0.273941,212.47665,0.333333,1
216,216,,4,6,0.265974,0.281265,1114.118421,0,0
296,296,,2,6,0.260495,0.274074,367.777984,0,0
297,297,,3,6,0.268116,0.283467,338.090744,0,0
421,421,,2,6,0.25975,0.273924,0,1,1
447,447,,2,6,0.261861,0.275659,381.274211,0,0
497,497,,2,6,0.259953,0.273774,287.458913,0,0
560,560,,2,6,0.262549,0.276343,173.722273,0,0
581,581,,2,6,0.265904,0.279429,93.143845,0,0
646,646,,2,6,0.266613,0.28043,196.054025,0,0
649,649,,3,6,0.264846,0.278712,1139.009329,0,0
665,665,,2,6,0.268188,0.28285,0,1,1
709,709,,3,6,0.261176,0.275375,1218.290172,0,0
727,727,,3,6,0.268765,0.284218,629.889656,0,0
746,746,,2,6,0.262826,0.277611,316.863007,0,0
765,765,,2,6,0.262342,0.275893,225.239549,0,0
768,768,,2,6,0.26036,0.274341,136.156928,0,0
771,771,,3,6,0.25854,0.272639,862.312246,0,0
927,927,,2,6,0.26331,0.276877,133.01595,0,0
929,929,,2,6,0.263728,0.277044,139.894161,0,0
50,50,,3,6,0.265268,0.279229,869.316812,0,0
59,59,,16,6,0.269345,0.290374,5019.407521,0,0
113,113,,8,6,0.256812,0.27309,3071.06755,0,0
174,174,,6,6,0.269272,0.284902,1621.332087,0,0
486,486,,4,6,0.246059,0.258108,1475.502117,0,0
524,524,,3,6,0.251828,0.264965,865.450256,0,0
653,653,,3,6,0.245999,0.257124,101.810052,0.333333,1
818,818,,2,6,0.242652,0.25297,0,1,1
978,978,,2,6,0.250816,0.262312,98.687624,0,0
278,278,,5,6,0.244673,0.257774,1065.740342,0,0
285,285,,4,6,0.253168,0.264698,426.93313,0.166667,1
762,762,,2,6,0.235059,0.245546,30.924454,0,0
167,167,,6,6,0.255826,0.270103,1321.027765,0,0
175,175,,4,6,0.246911,0.260344,341.964674,0,0
220,220,,2,6,0.247706,0.25956,62.756015,0,0
514,514,,2,6,0.249563,0.260861,41.968172,0,0
671,671,,2,6,0.249376,0.260777,89.781018,0,0
695,695,,2,6,0.244553,0.256323,82.314897,0,0
845,845,,2,6,0.250879,0.262379,27.923449,0,0
42,42,,6,6,0.270439,0.285102,1005.954785,0,0
257,257,,4,6,0.234948,0.246547,807.215024,0,0
310,310,,3,6,0.240029,0.252569,569.918815,0,0
686,686,,2,6,0.240087,0.251852,144.02994,0,0
726,726,,2,6,0.237857,0.249216,79.214758,0,0
885,885,,2,6,0.237857,0.249216,79.214758,0,0
407,407,,4,6,0.243599,0.254988,591.899549,0,0
422,422,,2,6,0.24183,0.251468,7.42619,0,0
651,651,,2,6,0.240839,0.250684,30.254255,0,0
403,403,,3,7,0.223991,0.23376,470.034521,0,0
326,326,,7,6,0.251764,0.267367,1901.614965,0,0
354,354,,5,6,0.24183,0.255055,1620.891416,0,0
773,773,,2,6,0.236954,0.247814,161.179116,0,0
889,889,,2,6,0.237123,0.247931,82.371079,0,0
911,911,,3,6,0.253682,0.266717,448.080572,0,0
45,45,,13,5,0.275662,0.296213,5945.811427,0,0
107,107,,3,6,0.257143,0.270654,221.648123,0,0
120,120,,4,6,0.249563,0.263263,784.464306,0,0
177,177,,6,6,0.256483,0.271205,980.322701,0,0
274,274,,3,6,0.246545,0.258742,143.642165,0,0
355,355,,2,6,0.246484,0.259293,157.037693,0,0
583,583,,3,6,0.25394,0.266683,987.271319,0,0
597,597,,2,6,0.239396,0.251335,292.221213,0,0
717,717,,3,6,0.240723,0.252719,537.923367,0,0
891,891,,2,6,0.240955,0.252369,134.04188,0,0
947,947,,2,6,0.255368,0.2666,42.512337,0,0
388,388,,4,6,0.239281,0.24965,617.9404,0,0
452,452,,2,6,0.221901,0.230848,35.425115,0,0
862,862,,2,6,0.235169,0.244878,46.472771,0,0
333,333,,6,6,0.241421,0.254688,1330.888413,0,0
825,825,,2,7,0.222693,0.232058,30.931385,0,0
96,96,,3,6,0.243125,0.253704,75.420706,0,0
417,417,,3,6,0.241772,0.25287,124.303706,0,0
710,710,,2,6,0.237518,0.247581,19.530952,0,0
872,872,,3,6,0.238938,0.24955,125.282049,0,0
892,892,,2,6,0.237179,0.247014,182.889443,0,0
53,53,,16,6,0.281646,0.303654,7433.858627,0,0
189,189,,7,6,0.249563,0.266617,2637.483913,0,0
255,255,,4,6,0.243777,0.25704,407.909174,0,0
260,260,,2,6,0.251131,0.263363,198.619213,0,0
414,414,,3,6,0.244733,0.258175,957.94537,0,0
548,548,,2,6,0.252082,0.264181,85.039999,0,0
565,565,,4,6,0.25,0.263113,900.844426,0,0
576,576,,2,6,0.257474,0.26952,83.792714,0,0
601,601,,3,6,0.253811,0.2663,153.599945,0,0
617,617,,2,6,0.240839,0.25292,74.682735,0,0
796,796,,2,6,0.248322,0.26031,166.883575,0,0
921,921,,2,6,0.241363,0.25322,159.11946,0,0
962,962,,2,6,0.245938,0.257858,51.794033,0,0
997,997,,2,6,0.238995,0.251218,59.314571,0,0
106,106,,7,6,0.25854,0.275843,2512.288763,0,0
125,125,,4,6,0.257873,0.270988,449.814869,0,0
137,137,,6,6,0.260292,0.275108,1015.815733,0,0
359,359,,4,6,0.251005,0.26318,906.744952,0,0
396,396,,6,6,0.248631,0.262613,1742.911154,0,0
443,443,,4,6,0.254782,0.267618,1230.549907,0,0
846,846,,2,6,0.240607,0.251134,134.472432,0,0
951,951,,2,6,0.240029,0.251268,33.318295,0,0
76,76,,5,6,0.23911,0.251602,751.946411,0,0
122,122,,3,6,0.236562,0.248665,447.286955,0,0
184,184,,2,7,0.224444,0.234344,39.459171,0,0
532,532,,3,6,0.244195,0.255789,64.403574,0,0
78,78,,3,6,0.248199,0.260694,367.613463,0,0
81,81,,13,6,0.265621,0.285552,6226.088507,0,0
117,117,,4,6,0.244793,0.258075,733.804191,0,0
123,123,,4,6,0.243599,0.25639,1069.678278,0,0
351,351,,3,6,0.239167,0.250384,317.635735,0,0
467,467,,3,6,0.249003,0.261195,566.147838,0,0
877,877,,2,6,0.232921,0.243894,161.614602,0,0
176,176,,2,7,0.217174,0.226019,38.313369,0,0
143,143,,11,6,0.26193,0.280981,3656.770746,0,0
181,181,,2,6,0.240839,0.25372,169.325751,0,0
186,186,,4,6,0.237518,0.251385,1578.856336,0,0
217,217,,2,6,0.241246,0.254238,257.7677,0,0
239,239,,2,6,0.250376,0.262913,97.747248,0,0
301,301,,2,6,0.235558,0.247698,256.442552,0,0
309,309,,4,6,0.237292,0.250934,716.845351,0,0
337,337,,3,6,0.230876,0.24331,153.027879,0,0
423,423,,2,7,0.228814,0.241051,198.196318,0,0
449,449,,2,6,0.242829,0.255289,108.45969,0,0
512,512,,2,7,0.232056,0.24417,51.834954,0,0
662,662,,2,6,0.242299,0.254338,15.600631,0,0
713,713,,2,7,0.226736,0.238631,37.916905,0,0
821,821,,2,7,0.23303,0.245872,257.793491,0,0
959,959,,2,6,0.230025,0.241758,159.104328,0,0
148,148,,7,6,0.252336,0.267484,2165.438712,0,0
190,190,,2,6,0.240144,0.251018,46.55666,0,0
474,474,,2,6,0.247891,0.258559,73.572917,0,0
500,500,,2,6,0.227874,0.237871,129.777819,0,0
847,847,,3,6,0.232002,0.242793,228.165609,0,0
979,979,,2,6,0.227563,0.23712,48.707063,0,0
182,182,,8,6,0.263728,0.279396,2160.309303,0,0
212,212,,5,6,0.239798,0.25322,1024.985013,0,0
526,526,,3,6,0.231357,0.242359,806.613254,0,0
541,541,,5,6,0.243599,0.256039,762.248093,0,0
956,956,,3,6,0.241655,0.25297,80.751097,0,0
977,977,,3,6,0.231518,0.242509,285.251618,0,0
408,408,,2,7,0.217174,0.225735,87.561187,0,0
953,953,,2,6,0.219319,0.228579,84.016925,0,0
61,61,,4,6,0.250564,0.265966,1249.070737,0,0
153,153,,4,6,0.250942,0.264097,967.80025,0,0
215,215,,6,6,0.254847,0.268852,1538.202673,0,0
416,416,,2,6,0.244254,0.25634,161.677521,0,0
591,591,,4,6,0.237179,0.249816,519.589262,0,0
625,625,,2,6,0.234948,0.246396,52.794833,0,0
706,706,,2,6,0.233302,0.244278,46.000895,0,0
837,837,,2,6,0.234948,0.246396,52.794833,0,0
950,950,,2,6,0.23617,0.248015,93.330859,0,0
219,219,,4,6,0.240029,0.251869,867.402273,0,0
267,267,,5,6,0.246606,0.259676,839.983675,0,0
314,314,,4,6,0.233958,0.246029,749.931252,0,0
878,878,,3,7,0.231572,0.242402,593.71165,0,0
472,472,,2,6,0.228604,0.238071,27.494498,0,0
732,732,,2,6,0.228134,0.237154,70.592039,0,0
764,764,,2,6,0.240607,0.250234,23.159231,0,0
149,149,,2,6,0.239167,0.250701,54.28465,0,0
492,492,,2,6,0.237236,0.247381,67.186266,0,0
588,588,,4,6,0.255433,0.2667,47.551517,0.166667,1
598,598,,3,6,0.242476,0.252686,190.902835,0,0
250,250,,2,6,0.224092,0.234351,140.886104,0,0
352,352,,4,6,0.240897,0.253871,679.798351,0,0
562,562,,2,6,0.229602,0.240624,188.066907,0,0
609,609,,3,6,0.247522,0.258775,97.774108,0,0
702,702,,2,6,0.222296,0.232149,103.357377,0,0
704,704,,2,6,0.222941,0.233166,74.304989,0,0
610,610,,2,7,0.235447,0.246639,50.777219,0,0
657,657,,2,7,0.23238,0.242902,55.289542,0,0
859,859,,2,7,0.239453,0.250944,291.789252,0,0
907,907,,3,7,0.238824,0.249909,220.200609,0,0
915,915,,3,6,0.241889,0.252953,720.313545,0,0
631,631,,2,6,0.227045,0.236186,129.08168,0,0
635,635,,2,6,0.243243,0.25297,20.889547,0,0
172,172,,2,6,0.24612,0.258542,223.876871,0,0
513,513,,4,6,0.246545,0.259293,353.817837,0,0
716,716,,3,6,0.239052,0.251435,369.885001,0,0
795,795,,2,6,0.236674,0.247981,83.394907,0,0
799,799,,2,6,0.234838,0.246313,50.722545,0,0
365,365,,2,6,0.244254,0.255389,122.283994,0,0
832,832,,2,6,0.226942,0.237871,258.777565,0,0
857,857,,2,6,0.229497,0.240073,109.855978,0,0
908,908,,5,6,0.233739,0.246163,1435.661241,0,0
614,614,,2,7,0.219031,0.228181,68.931699,0,0
441,441,,4,6,0.232976,0.244461,620.332034,0,0
776,776,,2,6,0.225712,0.234635,61.16948,0,0
188,188,,2,6,0.229655,0.239873,105.494782,0,0
263,263,,3,6,0.227926,0.238939,320.246144,0,0
533,533,,3,6,0.226633,0.237704,377.504812,0,0
587,587,,3,6,0.247645,0.259593,167.788625,0,0
863,863,,2,6,0.238482,0.250984,405.631335,0,0
964,964,,3,6,0.235558,0.247097,299.301671,0,0
975,975,,2,6,0.240781,0.252236,133.5771,0,0
138,138,,4,6,0.237801,0.248966,353.348588,0,0
430,430,,3,6,0.239052,0.249917,289.419693,0,0
275,275,,3,7,0.230556,0.242235,596.935697,0,0
289,289,,2,7,0.208559,0.218013,81.265573,0,0
488,488,,2,6,0.23528,0.245812,106.099313,0,0
626,626,,2,7,0.210804,0.220575,78.751088,0,0
696,696,,2,6,0.236114,0.24693,118.904343,0,0
880,880,,2,7,0.204629,0.214391,57.246372,0,0
197,197,,7,6,0.251891,0.266416,1038.827252,0,0
325,325,,4,6,0.239339,0.251618,923.872116,0,0
887,887,,3,6,0.224494,0.234017,158.718232,0,0
919,919,,2,7,0.220822,0.229289,55.968363,0,0
522,522,,2,6,0.235114,0.246046,76.399939,0,0
640,640,,3,6,0.245756,0.257858,112.805991,0,0
658,658,,2,6,0.220287,0.230097,34.613023,0,0
788,788,,2,7,0.217789,0.227837,74.259822,0,0
934,934,,2,6,0.239971,0.250584,37.769034,0,0
963,963,,2,6,0.225712,0.237237,194.701066,0,0
152,152,,6,6,0.244254,0.257491,635.650953,0,0
207,207,,5,6,0.237801,0.250667,597.199708,0,0
690,690,,4,7,0.221655,0.232342,760.478088,0,0
178,178,,10,6,0.242711,0.259092,3282.371653,0,0
161,161,,6,6,0.257275,0.271638,1270.988806,0,0
179,179,,7,6,0.239914,0.254304,1237.496116,0,0
277,277,,5,6,0.250816,0.264014,648.614337,0,0
446,446,,5,6,0.240087,0.253904,735.39841,0,0
455,455,,2,6,0.222941,0.233567,117.105562,0,0
556,556,,3,6,0.232164,0.243644,262.816735,0,0
841,841,,2,6,0.228186,0.238739,101.023898,0,0
843,843,,2,6,0.239798,0.251185,107.563033,0,0
897,897,,2,6,0.228761,0.239373,144.409689,0,0
196,196,,5,6,0.245877,0.258809,764.204174,0,0
496,496,,3,6,0.236338,0.248131,317.361996,0,0
628,628,,2,6,0.233302,0.243177,63.354788,0,0
225,225,,5,6,0.23617,0.248916,590.290694,0,0
529,529,,3,6,0.24026,0.250951,171.921777,0,0
77,77,,26,6,0.287896,0.314064,14390.290086,0,0
471,471,,2,6,0.250313,0.260511,19.410158,0,0
525,525,,2,6,0.241713,0.252603,86.692407,0,0
813,813,,2,6,0.229234,0.238755,92.383351,0,0
116,116,,3,6,0.232002,0.24376,254.902697,0,0
228,228,,4,7,0.230078,0.241534,606.230567,0,0
998,998,,2,7,0.203836,0.212503,104.612322,0,0
233,233,,6,6,0.231572,0.244211,1172.961186,0,0
968,968,,2,7,0.208255,0.216774,25.713372,0,0
669,669,,2,6,0.232704,0.242159,39.939319,0,0
261,261,,3,6,0.237011,0.247581,396.826146,0,0
147,147,,2,6,0.236394,0.246263,35.588451,0,0
398,398,,4,6,0.236114,0.248432,1077.847443,0,0
426,426,,3,7,0.224444,0.234761,146.030102,0,0
893,893,,2,7,0.22384,0.232993,164.959708,0,0
338,338,,7,6,0.254652,0.268986,570.201037,0.047619,1
555,555,,4,6,0.220335,0.231682,517.603194,0,0
684,684,,2,6,0.235225,0.245846,131.080918,0,0
886,886,,2,6,0.238197,0.248448,97.553812,0,0
904,904,,2,6,0.228971,0.240174,143.182241,0,0
928,928,,2,6,0.229655,0.239556,108.415716,0,0
288,288,,2,6,0.238824,0.248382,11.520533,0,0
743,743,,2,6,0.244973,0.255489,153.007012,0,0
433,433,,4,7,0.212327,0.222885,272.320925,0,0
839,839,,2,7,0.222,0.230407,48.551303,0,0
272,272,,2,6,0.236954,0.2499,257.089787,0,0
382,382,,3,6,0.237518,0.251168,459.519917,0,0
400,400,,3,6,0.230716,0.243544,750.364216,0,0
448,448,,2,6,0.239914,0.252052,87.42714,0,0
450,450,,5,6,0.237405,0.252119,1179.832748,0,0
498,498,,3,7,0.230397,0.242836,504.734557,0,0
517,517,,4,7,0.239856,0.253546,1248.6795,0,0
543,543,,2,7,0.240029,0.252278,141.55374,0,0
547,547,,2,6,0.229867,0.241825,276.6076,0,0
619,619,,3,7,0.226223,0.238231,454.385123,0,0
629,629,,2,7,0.230131,0.241551,150.239335,0,0
707,707,,2,7,0.231304,0.242669,155.555391,0,0
755,755,,2,7,0.238197,0.25016,60.057234,0,0
763,763,,2,7,0.240955,0.253413,188.850965,0,0
783,783,,2,7,0.226223,0.237664,278.235559,0,0
824,824,,3,6,0.228918,0.240824,357.877313,0,0
851,851,,2,6,0.243184,0.256056,265.271514,0,0
679,679,,2,7,0.210715,0.218278,83.277052,0,0
714,714,,2,7,0.215348,0.223867,44.553081,0,0
105,105,,5,6,0.23617,0.248131,903.961267,0,0
459,459,,2,7,0.21507,0.225461,58.430464,0,0
849,849,,2,6,0.223991,0.234368,65.672902,0,0
391,391,,2,7,0.220141,0.231067,302.098932,0,0
544,544,,2,7,0.224293,0.235912,213.774669,0,0
811,811,,4,7,0.218791,0.229956,897.968915,0,0
873,873,,2,7,0.221852,0.231908,208.119652,0,0
955,955,,2,6,0.240491,0.251668,320.379476,0,0
967,967,,2,7,0.214102,0.223969,130.740894,0,0
336,336,,4,6,0.247033,0.259009,843.350967,0,0
489,489,,7,6,0.242888,0.256573,1515.285524,0,0
606,606,,4,6,0.239741,0.251084,741.379171,0,0
329,329,,3,7,0.222544,0.232642,249.368925,0,0
801,801,,3,6,0.220969,0.230297,315.229813,0,0
667,667,,2,6,0.229655,0.238639,3.5,0,0
509,509,,2,6,0.241713,0.251952,45.675914,0,0
736,736,,3,7,0.232921,0.244487,531.077051,0,0
920,920,,2,6,0.231196,0.240941,67.896143,0,0
914,914,,2,6,0.223991,0.2329,66.752714,0,0
199,199,,4,6,0.241188,0.252202,423.756875,0,0
145,145,,3,6,0.23871,0.250551,130.377914,0,0
523,523,,3,7,0.217268,0.226886,395.578857,0,0
675,675,,2,7,0.231948,0.242385,46.062001,0,0
465,465,,3,6,0.230237,0.242025,524.552869,0,0
538,538,,2,6,0.229339,0.239907,203.182052,0,0
542,542,,2,6,0.229867,0.240374,124.464894,0,0
700,700,,2,6,0.223941,0.234535,157.783093,0,0
742,742,,2,6,0.230716,0.241325,142.687921,0,0
854,854,,2,6,0.230716,0.241325,142.687921,0,0
875,875,,2,6,0.237744,0.249666,227.519818,0,0
944,944,,2,6,0.225916,0.236386,175.966444,0,0
312,312,,4,6,0.23911,0.250534,1056.682612,0,0
518,518,,4,6,0.235947,0.24668,908.950002,0,0
241,241,,3,6,0.238995,0.249333,362.152596,0,0
268,268,,3,6,0.247645,0.259209,745.358601,0,0
861,861,,2,6,0.234893,0.243961,82.104745,0,0
163,163,,4,6,0.241655,0.254454,639.407184,0,0
291,291,,4,6,0.245153,0.257074,1111.246527,0,0
599,599,,4,6,0.229234,0.241191,1030.586274,0,0
373,373,,3,6,0.244016,0.254988,276.931541,0,0
440,440,,3,6,0.242947,0.254288,155.060222,0,0
867,867,,2,6,0.233139,0.243827,77.267129,0,0
342,342,,3,6,0.220044,0.230848,404.181003,0,0
504,504,,2,6,0.227355,0.237487,68.20575,0,0
692,692,,2,6,0.222445,0.231882,135.921724,0,0
833,833,,2,6,0.239052,0.249233,88.506872,0,0
850,850,,2,7,0.22319,0.234227,123.32412,0,0
528,528,,2,7,0.227666,0.237347,69.112432,0,0
804,804,,2,6,0.232813,0.241758,36.242206,0,0
527,527,,3,6,0.233466,0.242876,148.355002,0,0
561,561,,2,6,0.224343,0.233283,50.730735,0,0
226,226,,2,7,0.221361,0.229649,46.579015,0,0
894,894,,2,7,0.201533,0.210101,37.697389,0,0
322,322,,5,7,0.21675,0.229232,501.055922,0,0
668,668,,3,6,0.232272,0.243443,285.786387,0,0
806,806,,2,6,0.232704,0.242226,35.79461,0,0
900,900,,3,7,0.221655,0.231891,497.609456,0,0
516,516,,2,6,0.242358,0.252102,31.488672,0,0
805,805,,3,6,0.23238,0.242809,284.171927,0,0
139,139,,3,6,0.239683,0.251201,204.448627,0,0
362,362,,3,6,0.249875,0.261245,218.611827,0,0
648,648,,2,7,0.221311,0.231134,218.752063,0,0
677,677,,3,7,0.228082,0.239366,169.167147,0,0
814,814,,3,6,0.242593,0.253754,84.476465,0,0
249,249,,3,7,0.231733,0.242519,302.407596,0,0
604,604,,2,7,0.228814,0.239082,30.894372,0,0
991,991,,2,7,0.229602,0.2401,33.016495,0,0
350,350,,2,7,0.228604,0.239032,86.250774,0,0
458,458,,2,7,0.226274,0.236329,25.795127,0,0
705,705,,2,6,0.241246,0.251652,98.292782,0,0
777,777,,2,6,0.224899,0.234868,155.04939,0,0
222,222,,3,6,0.218265,0.228929,283.452069,0,0
286,286,,2,7,0.212825,0.222282,54.958857,0,0
348,348,,7,6,0.234397,0.248232,1894.18506,0,0
385,385,,2,6,0.236562,0.246864,92.781342,0,0
612,612,,2,6,0.213507,0.222673,85.153746,0,0
789,789,,2,6,0.213598,0.222322,50.059802,0,0
546,546,,3,6,0.240202,0.24995,267.410016,0,0
569,569,,2,6,0.239281,0.248982,8.303968,0,0
559,559,,2,6,0.226018,0.235686,44.679802,0,0
223,223,,3,7,0.226891,0.23688,607.425782,0,0
334,334,,3,6,0.237461,0.247998,756.690073,0,0
413,413,,6,6,0.245756,0.258825,1295.073758,0,0
754,754,,2,6,0.236059,0.245779,89.74559,0,0
589,589,,3,6,0.23673,0.24703,138.477291,0,0
279,279,,5,6,0.237349,0.248916,801.147965,0,0
903,903,,2,7,0.219899,0.229856,88.004633,0,0
735,735,,2,6,0.218647,0.226443,45.457358,0,0
477,477,,2,7,0.217316,0.225685,59.986482,0,0
802,802,,2,7,0.199322,0.206773,46.795613,0,0
970,970,,2,6,0.232164,0.241625,20.732013,0,0
195,195,,5,6,0.232704,0.245596,1012.817719,0,0
521,521,,3,6,0.231464,0.242626,486.06751,0,0
571,571,,3,6,0.223991,0.235369,239.370565,0,0
578,578,,2,6,0.225406,0.235619,86.921073,0,0
592,592,,2,6,0.228186,0.239072,43.915074,0,0
838,838,,2,6,0.22364,0.233483,104.810394,0,0
397,397,,2,6,0.238539,0.248899,96.958465,0,0
593,593,,2,6,0.221361,0.231031,85.265886,0,0
703,703,,2,6,0.225101,0.235269,70.111601,0,0
724,724,,2,7,0.217363,0.22697,82.081903,0,0
579,579,,4,6,0.23045,0.241525,549.400161,0,0
313,313,,9,6,0.24685,0.261295,2336.233499,0,0
292,292,,2,6,0.244434,0.255355,76.30045,0,0
491,491,,2,7,0.227304,0.237213,52.579213,0,0
926,926,,2,7,0.226531,0.236429,27.49043,0,0
248,248,,5,6,0.239741,0.252386,670.598278,0,0
725,725,,2,6,0.232326,0.241959,79.394872,0,0
810,810,,2,6,0.238653,0.249049,63.47963,0,0
302,302,,3,7,0.216844,0.226987,236.694902,0,0
383,383,,2,6,0.227822,0.239139,108.157817,0,0
424,424,,2,6,0.230929,0.241375,54.028087,0,0
519,519,,2,6,0.22955,0.239656,75.902815,0,0
637,637,,2,6,0.213919,0.222923,102.664188,0,0
782,782,,3,6,0.240433,0.251285,127.458608,0,0
368,368,,3,6,0.22092,0.230314,827.652077,0,0
618,618,,2,7,0.235391,0.245505,33.994257,0,0
213,213,,4,6,0.238539,0.250834,484.892716,0,0
933,933,,2,6,0.23352,0.242793,34.239485,0,0
916,916,,2,6,0.232976,0.241792,32.169282,0,0
364,364,,5,6,0.234287,0.246547,468.510223,0,0
469,469,,2,7,0.211563,0.220208,59.323927,0,0
664,664,,2,6,0.233411,0.243026,37.727978,0,0
906,906,,4,6,0.229708,0.23969,363.847985,0,0
935,935,,2,6,0.229655,0.238622,245.398654,0,0
624,624,,2,7,0.223991,0.233843,48.545476,0,0
778,778,,2,6,0.219368,0.229296,80.262621,0,0
803,803,,2,6,0.225152,0.235068,82.923081,0,0
324,324,,2,6,0.219319,0.228862,67.129019,0,0
481,481,,3,6,0.226274,0.236937,303.254673,0,0
520,520,,4,6,0.241655,0.254421,453.525959,0,0
688,688,,2,7,0.216281,0.225752,141.156367,0,0
747,747,,2,6,0.216468,0.225475,52.695361,0,0
790,790,,2,6,0.223941,0.233717,86.735056,0,0
941,941,,2,6,0.221655,0.230914,70.340617,0,0
660,660,,2,6,0.228447,0.238172,98.961569,0,0
636,636,,2,7,0.216468,0.225745,69.746509,0,0
730,730,,2,7,0.215953,0.224777,86.167458,0,0
901,901,,2,7,0.20869,0.217196,101.465717,0,0
708,708,,2,6,0.235391,0.245262,25.32831,0,0
372,372,,3,7,0.218456,0.227837,187.324134,0,0
173,173,,4,6,0.233193,0.245679,529.992746,0,0
374,374,,3,6,0.222544,0.232516,187.776706,0,0
749,749,,3,6,0.23265,0.243393,141.082042,0,0
406,406,,2,6,0.228709,0.238372,55.143102,0,0
335,335,,4,7,0.235669,0.248525,467.671087,0,0
478,478,,3,6,0.242182,0.25332,479.441529,0,0
511,511,,2,7,0.221557,0.230991,40.248152,0,0
603,603,,2,7,0.224848,0.234928,235.686367,0,0
633,633,,2,7,0.22339,0.233276,73.991063,0,0
896,896,,2,6,0.236898,0.246747,2.916667,0,0
711,711,,2,7,0.210626,0.218364,32.550787,0,0
346,346,,3,6,0.242829,0.253453,151.222185,0,0
616,616,,3,6,0.237914,0.248115,184.460511,0,0
972,972,,2,7,0.211294,0.219322,104.849139,0,0
940,940,,2,6,0.223991,0.233383,26.763839,0,0
281,281,,4,6,0.225254,0.236737,552.128189,0,0
584,584,,5,6,0.250125,0.262446,480.458701,0,0
785,785,,2,6,0.230131,0.240073,118.451763,0,0
884,884,,2,6,0.222643,0.232716,61.634719,0,0
767,767,,2,7,0.22374,0.233176,46.678642,0,0
444,444,,2,6,0.226274,0.235569,94.562183,0,0
639,639,,4,6,0.223991,0.235052,1022.398101,0,0
971,971,,2,6,0.232813,0.242543,20.828671,0,0
739,739,,3,7,0.211653,0.221233,94.700308,0,0
876,876,,3,7,0.219947,0.230032,328.84157,0,0
269,269,,3,6,0.23645,0.247381,529.489912,0,0
315,315,,4,6,0.224142,0.235569,351.411038,0,0
409,409,,2,7,0.202309,0.211061,104.561504,0,0
883,883,,3,7,0.203753,0.213614,446.191795,0,0
607,607,,3,6,0.223891,0.2332,274.28204,0,0
899,899,,2,6,0.238995,0.247998,31.259581,0,0
451,451,,3,7,0.22369,0.233376,582.407165,0,0
557,557,,2,7,0.21005,0.219982,86.205907,0,0
784,784,,2,7,0.194207,0.202371,158.178236,0,0
380,380,,2,7,0.221852,0.231207,118.683375,0,0
572,572,,4,7,0.230184,0.241451,522.414874,0,0
645,645,,2,7,0.214516,0.224186,76.809564,0,0
420,420,,2,6,0.239856,0.249316,120.21503,0,0
540,540,,2,6,0.239396,0.249183,42.2696,0,0
693,693,,2,6,0.236898,0.246063,0,1,1
989,989,,2,6,0.238368,0.247731,119.687232,0,0
611,611,,2,6,0.243777,0.25297,13.504528,0,0
347,347,,3,7,0.226994,0.238481,773.387665,0,0
466,466,,4,6,0.226172,0.237671,279.130537,0,0
731,731,,2,6,0.221164,0.231098,57.141908,0,0
431,431,,3,6,0.216562,0.226109,537.261412,0,0
815,815,,2,7,0.210095,0.218747,74.58734,0,0
575,575,,3,7,0.222198,0.231374,152.93852,0,0
379,379,,4,6,0.23617,0.247047,396.197159,0,0
506,506,,5,6,0.248322,0.260244,386.877657,0,0
659,659,,2,6,0.232921,0.242292,35.079944,0,0
515,515,,5,6,0.231143,0.242759,919.300498,0,0
256,256,,3,6,0.250439,0.261612,119.919391,0,0
634,634,,2,7,0.21572,0.22522,153.973813,0,0
994,994,,2,6,0.235836,0.244645,168.526519,0,0
761,761,,2,7,0.218647,0.227704,73.151615,0,0
912,912,,2,7,0.205176,0.213247,56.958965,0,0
487,487,,3,6,0.236898,0.247064,591.876279,0,0
775,775,,2,6,0.237744,0.247447,44.444005,0,0
741,741,,3,6,0.234452,0.244845,207.149693,0,0
480,480,,4,6,0.245153,0.25704,674.331299,0,0
510,510,,3,7,0.226325,0.236563,406.056983,0,0
654,654,,2,7,0.206918,0.21481,29.452357,0,0
800,800,,2,7,0.209522,0.217703,41.910571,0,0
753,753,,2,7,0.202432,0.210074,45.48,0,0
852,852,,2,7,0.19708,0.203871,68.124093,0,0
570,570,,2,7,0.225051,0.234561,83.963962,0,0
701,701,,2,6,0.219512,0.228595,62.521376,0,0
262,262,,4,6,0.235947,0.247281,349.655575,0,0
502,502,,3,7,0.213234,0.222642,179.243106,0,0
687,687,,2,6,0.227926,0.237221,34.798225,0,0
812,812,,2,6,0.249563,0.259443,20.524602,0,0
470,470,,2,7,0.208647,0.217377,97.649396,0,0
535,535,,2,7,0.219464,0.228231,48.254698,0,0
910,910,,2,6,0.231894,0.241041,32.031782,0,0
797,797,,2,7,0.222,0.231291,103.747146,0,0
828,828,,4,6,0.240781,0.252202,388.180656,0,0
993,993,,2,7,0.216797,0.225761,12.110241,0,0
366,366,,2,7,0.219657,0.228672,60.811395,0,0
945,945,,3,6,0.217694,0.226894,471.959048,0,0
931,931,,2,6,0.232056,0.240657,95.035729,0,0
419,419,,2,6,0.234232,0.243877,168.425936,0,0
621,621,,2,6,0.233903,0.243443,63.533305,0,0
680,680,,2,6,0.244254,0.254838,60.101754,0,0
937,937,,2,6,0.234122,0.243744,52.389676,0,0
698,698,,3,6,0.237011,0.247364,328.086544,0,0
330,330,,2,7,0.215209,0.2234,52.871801,0,0
822,822,,2,7,0.201859,0.209407,14.984502,0,0
318,318,,4,6,0.226891,0.23692,390.968881,0,0
615,615,,2,7,0.210316,0.217579,30.511012,0,0
751,751,,2,6,0.226839,0.236203,85.299556,0,0
699,699,,4,6,0.230025,0.240224,268.212154,0,0
819,819,,3,7,0.220238,0.230466,378.065837,0,0
830,830,,2,6,0.227097,0.236703,95.996947,0,0
412,412,,5,7,0.225916,0.23698,337.751679,0,0
552,552,,3,7,0.208125,0.216407,118.456856,0,0
836,836,,2,7,0.217316,0.225461,77.971778,0,0
780,780,,2,7,0.202884,0.210627,51.612904,0,0
650,650,,2,7,0.220335,0.23009,223.66618,0,0
758,758,,4,6,0.227511,0.238672,601.127926,0,0
399,399,,4,7,0.215302,0.226188,375.760612,0,0
678,678,,2,7,0.212192,0.220966,72.081271,0,0
344,344,,3,7,0.210183,0.219021,103.510276,0,0
996,996,,2,7,0.208168,0.216664,22.411051,0,0
327,327,,2,6,0.216187,0.224825,20.523087,0,0
958,958,,2,7,0.20004,0.207417,25.884733,0,0
482,482,,2,7,0.209083,0.217544,51.483727,0,0
946,946,,2,7,0.227252,0.236296,9.030495,0,0
888,888,,3,7,0.224747,0.234744,917.22996,0,0
620,620,,3,6,0.225661,0.234484,144.075026,0,0
490,490,,2,7,0.204169,0.211705,56.974764,0,0
558,558,,4,6,0.233084,0.243443,516.30179,0,0
464,464,,4,6,0.228239,0.239039,364.44184,0,0
600,600,,2,7,0.207908,0.216359,67.407079,0,0
738,738,,2,7,0.204462,0.212698,69.779385,0,0
793,793,,2,6,0.22349,0.232799,82.465549,0,0
404,404,,3,7,0.2019,0.210646,293.393522,0,0
685,685,,2,6,0.218504,0.226593,65.061138,0,0
586,586,,2,6,0.231625,0.240407,5.833333,0,0
605,605,,2,7,0.229076,0.238315,75.589944,0,0
729,729,,4,6,0.220481,0.23043,311.604375,0,0
834,834,,2,7,0.205133,0.213101,66.077159,0,0
954,954,,2,7,0.198687,0.205351,37.614293,0,0
864,864,,3,7,0.204797,0.212744,136.166209,0,0
594,594,,2,7,0.211027,0.219014,34.883769,0,0
728,728,,4,7,0.220969,0.231191,438.125087,0,0
744,744,,3,6,0.239626,0.249833,145.555512,0,0
720,720,,3,7,0.196615,0.204538,245.545829,0,0
434,434,,3,7,0.208908,0.218264,238.015806,0,0
663,663,,2,7,0.200522,0.208885,74.863255,0,0
990,990,,2,6,0.229972,0.238755,94.66756,0,0
641,641,,2,7,0.204713,0.2123,58.723678,0,0
661,661,,5,6,0.247706,0.259226,1207.973801,0,0
905,905,,2,7,0.185619,0.192361,28.21599,0,0
909,909,,2,7,0.211653,0.219941,71.543117,0,0
781,781,,2,7,0.214424,0.222901,61.584879,0,0
948,948,,2,6,0.21507,0.22344,18.239141,0,0
577,577,,4,6,0.226531,0.237204,380.12349,0,0
721,721,,2,7,0.19988,0.207894,84.895992,0,0
932,932,,2,7,0.1996,0.208549,112.254889,0,0
820,820,,2,8,0.18337,0.190427,16.592136,0,0
508,508,,4,6,0.232488,0.24331,1139.174934,0,0
627,627,,2,6,0.230716,0.23959,53.148813,0,0
973,973,,2,6,0.227511,0.23622,25.735262,0,0
683,683,,3,6,0.211832,0.220871,318.020243,0,0
965,965,,2,6,0.224545,0.23345,53.594645,0,0
539,539,,2,6,0.218265,0.22691,36.268908,0,0
949,949,,2,7,0.215255,0.223416,6.811532,0,0
549,549,,4,6,0.228239,0.239189,744.379043,0,0
644,644,,2,6,0.229814,0.239306,29.32104,0,0
766,766,,2,7,0.22314,0.232993,75.731428,0,0
868,868,,2,7,0.216093,0.2239,61.551306,0,0
632,632,,3,7,0.207692,0.216328,161.087598,0,0
987,987,,2,7,0.212418,0.222015,94.127521,0,0
681,681,,3,7,0.197509,0.205477,180.656895,0,0
881,881,,2,7,0.210537,0.218855,82.51121,0,0
794,794,,2,7,0.217979,0.226329,16.555457,0,0
999,999,,2,7,0.208342,0.216905,41.031816,0,0
829,829,,2,6,0.219947,0.228145,87.343609,0,0
694,694,,2,7,0.206405,0.214703,89.729197,0,0
938,938,,2,7,0.19996,0.207229,32.166189,0,0
943,943,,2,7,0.20235,0.209266,35.819372,0,0
871,871,,2,7,0.21817,0.227671,70.324276,0,0
798,798,,2,7,0.216234,0.225194,112.542822,0,0
582,582,,2,7,0.203255,0.211678,41.692468,0,0
630,630,,2,7,0.19338,0.200968,45.282612,0,0
791,791,,2,7,0.206064,0.214088,34.57933,0,0
988,988,,2,7,0.196576,0.203902,48.024216,0,0
922,922,,2,7,0.202186,0.210167,41.488973,0,0
823,823,,2,6,0.211339,0.218769,10.584679,0,0
986,986,,2,6,0.212916,0.220804,28.334678,0,0
874,874,,2,7,0.209346,0.217637,53.885035,0,0
898,898,,2,7,0.211697,0.219288,170.183904,0,0
981,981,,2,7,0.201208,0.207953,53.101543,0,0
740,740,,2,7,0.215441,0.223876,30.156841,0,0
983,983,,2,8,0.187359,0.193924,98.698987,0,0
957,957,,2,7,0.199361,0.207441,61.238284,0,0
